,end station id,tripduration,Total_trip_duration,average_trip_duration,latitude,longitude,zipcodes
0,72,34532,48778218,1412.551198887988,40.767272152118615,-73.99392891101819,10019
1,79,19981,25747489,1288.5986186877533,40.71911550843701,-74.00666664337069,10013
2,82,12170,18485345,1518.9272801972063,40.71117406352013,-74.00016551857436,10038
3,83,19257,30368746,1577.0237316300563,40.68382604,-73.97632328,11217
4,116,44770,40148951,896.7824659370114,40.74177605733906,-74.00149744888854,10011
5,119,5724,8280812,1446.6827393431167,40.69608941,-73.97803415,11205
6,120,13303,14755574,1109.1914605728032,40.68676793,-73.95928168,11238
7,127,47755,52392845,1097.1174746099884,40.73172428,-74.00674436,10014
8,128,53395,58374320,1093.2544245715892,40.72710258,-74.00297088,10014
9,143,16268,15057603,925.59644701254,40.69239494715392,-73.99337883568047,11201
10,144,14479,20701511,1429.7611022860694,40.69839895,-73.98068914,11201
11,146,23032,28293379,1228.4377822160473,40.71625006914206,-74.0091059388199,10013
12,150,32428,41799639,1288.9983656099666,40.72087366947082,-73.98085789708585,
13,151,66636,72532043,1088.4813464193528,40.72210378512852,-73.99724901849511,10012
14,152,2340,2691808,1150.3452991452991,40.71473993,-74.00910627,10007
15,157,18649,20862151,1118.673977156952,40.69089272,-73.99612349,11201
16,161,41401,43818164,1058.3841936185115,40.729170221733774,-73.9981023075288,10012
17,164,27217,28448947,1045.2638791931513,40.75323098,-73.97032517,10017
18,167,26413,27342122,1035.1766932949683,40.748900603763296,-73.97604885601181,10016
19,168,29072,24758126,851.6141304347826,40.73971301,-73.99456405,10011
20,173,43088,51904640,1204.6193835870777,40.76068328566742,-73.98452735822565,10019
21,174,35672,34881097,977.8284649024444,40.73817640105685,-73.97738658748543,10010
22,195,22669,33202208,1464.6525210640082,40.70905623,-74.01043382,10005
23,212,31230,36559149,1170.6419788664746,40.74334935,-74.00681753,10011
24,216,10492,14691448,1400.252382767823,40.70037867,-73.99548059,11201
25,217,39439,72400702,1835.7641420928524,40.70277159,-73.99383605,11201
26,223,39050,35451833,907.8574391805378,40.73781509,-73.99994661,10011
27,224,22750,29135340,1280.6742857142858,40.71146364,-74.00552427,10038
28,228,21461,21764821,1014.1568892409488,40.7546011026,-73.971878855,10017
29,229,45199,40373793,893.2452709130733,40.72743423,-73.99379025,10003
30,232,485,832397,1716.2824742268042,40.69597683,-73.99014892,11201
31,236,49354,55274589,1119.96168496981,40.72841859151842,-73.98713953691049,10003
32,237,51637,54377168,1053.0659798206711,40.73047309,-73.98672378,10003
33,238,36259,42621891,1175.4844590308612,40.7361967221545,-74.0085921088298,10014
34,239,18027,21829783,1210.94929827481,40.69196566190492,-73.9813017277861,11201
35,241,22983,24481256,1065.1897489448722,40.68981035,-73.97493121,11217
36,242,8740,11101363,1270.178832951945,40.69778702437071,-73.97373603020596,11205
37,243,549,483590,880.856102003643,40.68841,-73.979458,11217
38,244,12814,13195390,1029.763539878258,40.69196035,-73.96536851,11205
39,245,11313,18151836,1604.5112702201009,40.69327006772386,-73.97703873657562,11205
40,247,40993,47101755,1149.0194667382236,40.73535398,-74.00483091,10014
41,248,9260,12307318,1329.0840172786177,40.72185379,-74.00771779,10013
42,249,12384,14697032,1186.7758397932816,40.71870989342781,-74.00900098067669,10013
43,250,47276,51409871,1087.441217531094,40.72456089,-73.99565293,10012
44,251,52531,56896058,1083.0948963469189,40.72317958,-73.99480012,10012
45,252,33980,36543651,1075.4458799293702,40.73226398,-73.99852205,10011
46,254,33373,30423007,911.6053995745064,40.73532427,-73.99800419,10011
47,257,32016,39203826,1224.5073088455772,40.719392247748,-74.00247209401861,10013
48,258,18071,22397373,1239.4097172264956,40.68940747,-73.96885458,11205
49,259,31685,57596483,1817.7839040555468,40.70122127301625,-74.01234220076124,10004
50,260,13823,19949470,1443.2084207480286,40.703651845188446,-74.01167806563987,10004
51,261,15013,24867218,1656.3790048624526,40.69474881,-73.98362464,11201
52,262,15246,17994998,1180.309458218549,40.6917823,-73.9737299,11205
53,264,22979,31341611,1363.9240610992645,40.70706456,-74.00731853,10005
54,265,38443,46337508,1205.3561896834274,40.72229346,-73.99147535,10002
55,266,602,495221,822.626245847176,40.72368361,-73.97574813,10009
56,267,23098,32356188,1400.822062516235,40.75097711,-73.98765428,10018
57,268,31262,34015983,1088.09362804683,40.71910536662946,-73.9997334105166,10013
58,270,14138,15693500,1110.0226340359316,40.69308257,-73.97178913,11205
59,274,21510,29550045,1373.7817294281729,40.686918521875874,-73.97668204435146,11217
60,275,11333,12896327,1137.9446748433777,40.68650065,-73.96563307,11238
61,276,16557,18992726,1147.1115540254875,40.71748752,-74.0104554,10013
62,278,10973,14733580,1342.7121115465234,40.69766567047115,-73.9847644826064,11201
63,279,1286,1202315,934.9261275272162,40.707873,-74.00167,10038
64,280,28433,28529210,1003.3837442408468,40.73331971785496,-73.99510131287308,10003
65,281,50959,70800437,1389.36079985871,40.7643971,-73.97371465,
66,282,25497,34494209,1352.8732399890182,40.7076449188808,-73.96841524402831,11249
67,284,65419,64599007,987.465522248888,40.73901695718268,-74.0026376727768,10011
68,285,74818,79502617,1062.6135020984254,40.7345456627067,-73.99074143682189,10003
69,289,10219,12545031,1227.6182601037283,40.6845683,-73.95881081,11238
70,291,20292,26580096,1309.8805440567712,40.713126,-73.984844,10002
71,293,60652,54895412,905.0882411132362,40.73020660529954,-73.99102628231049,10003
72,295,28034,29904701,1066.729721053007,40.71406667,-73.99293911,10002
73,296,666,470680,706.7267267267267,40.71413089,-73.9970468,10002
74,297,52355,46929344,896.3679495750167,40.734231986706135,-73.98692294711108,10003
75,298,19680,26399997,1341.4632621951218,40.68683208,-73.9796772,11217
76,301,48407,53375690,1102.6440390852565,40.7221744363964,-73.98368777579152,10009
77,302,25297,36938238,1460.1825512906669,40.72082834,-73.97793172,10009
78,303,37177,45205602,1215.9561556876563,40.72362738,-73.99949601,10012
79,304,36373,61501399,1690.8530778324582,40.70463334,-74.01361706,10004
80,305,46533,49917751,1072.7387230567554,40.76095756273613,-73.9672447186964,10022
81,307,52211,59077281,1131.5102373063148,40.71427487,-73.98990025,
82,308,20743,22782866,1098.3399701103988,40.713079156183774,-73.99851190532036,10038
83,309,27926,34624559,1239.8681873522885,40.7149787,-74.013012,10007
84,310,15912,16802797,1055.9827174459526,40.68926940306813,-73.98912866191365,11201
85,311,47749,57774029,1209.9526482229994,40.717227348589496,-73.9880208810128,10002
86,312,47372,52082424,1099.434771595035,40.722055,-73.989111,10002
87,313,11724,13970354,1191.6030365063118,40.69610226,-73.96751037,11205
88,315,38192,56196777,1471.4279692082112,40.70355377,-74.00670227,10005
89,316,23333,31618879,1355.114173059615,40.70955958,-74.00653609,10038
90,317,44799,44482077,992.9256679836604,40.72453734,-73.98185424,
91,319,38877,53808522,1384.07083879929,40.711065972580194,-74.00944701422435,10007
92,320,25075,26391716,1052.5111066799602,40.71757105698903,-74.0055490578664,10013
93,321,14770,22611175,1530.885240352065,40.69991755,-73.98971773,11201
94,323,21783,30618847,1405.6303998530964,40.69236176339164,-73.98631744542625,11201
95,324,22284,26974012,1210.4654460599534,40.689888,-73.981013,11201
96,325,41703,36884600,884.4591516197876,40.73624527,-73.98473765,10003
97,326,45185,42315881,936.5028438641142,40.72953837,-73.98426726,10003
98,327,43026,55201067,1282.9699948868126,40.7153379,-74.01658354,10282
99,328,29531,35865365,1214.4988317361417,40.72405549,-74.00965965,10013
100,330,21057,24329927,1155.431780405566,40.71450451,-74.00562789,10007
101,331,26165,36551739,1396.970724249952,40.711731118497234,-73.99193043265889,10002
102,332,29899,46187104,1544.7708619017358,40.7121990867882,-73.97948149734239,10002
103,334,44665,42119390,943.0066047240568,40.74238789740983,-73.99726238303033,10011
104,335,28932,27952943,966.160064979953,40.72903913408233,-73.99404652295694,10003
105,336,41265,46143801,1118.2309705561613,40.73047747,-73.99906065,10012
106,337,3067,2882228,939.754809259863,40.7037992,-74.00838676,10005
107,339,8019,17835393,2224.1417882528995,40.72580614,-73.97422494,10009
108,340,25701,42418395,1650.45698610949,40.71269042,-73.98776323,10002
109,341,19233,24243346,1260.5077730983205,40.71782143,-73.97628939,10002
110,342,19537,23795375,1217.964631212571,40.71739973,-73.98016555,10002
111,343,8550,10700498,1251.5202339181287,40.69794001403509,-73.96986874468304,11251
112,344,12653,14194459,1121.8255749624595,40.68514436762823,-73.95380897605943,11216
113,346,38852,39429762,1014.8708431998352,40.73652890212576,-74.00618028109903,10014
114,347,39707,46181111,1163.04709497066,40.728845978693926,-74.00859103548493,10014
115,349,30552,39532278,1293.9342105263158,40.71850211,-73.98329859,10002
116,350,58200,56192731,965.5108419243986,40.71559509,-73.9870295,10002
117,351,19364,28848852,1489.818839082834,40.70530954,-74.00612572,10005
118,353,12070,14358725,1189.6209610604806,40.68539572006876,-73.97431455393703,11217
119,354,15249,15979962,1047.9350777100135,40.69363172900845,-73.96223551820447,11205
120,355,32945,36988167,1122.7247533768402,40.71602118,-73.99974372,10013
121,356,14441,17117492,1185.3397964129908,40.71622644,-73.98261206,10002
122,358,88236,104868430,1188.4993653384106,40.732915554581126,-74.00711383741965,10014
123,359,36963,31038523,839.7187187187187,40.75510266444471,-73.97498690659741,10172
124,360,26827,34669598,1292.3397323591903,40.707179360000005,-74.00887308,10005
125,361,44561,49203555,1104.18426426696,40.71605866,-73.99190759,10002
126,362,18833,19163334,1017.540168852546,40.75172633453194,-73.98753530777678,10018
127,363,38035,52474527,1379.6378861574865,40.70834698,-74.01713445,10280
128,364,13422,22349848,1665.165251080316,40.68900442933989,-73.9602383554463,11238
129,366,18388,18871598,1026.2996519469218,40.693261,-73.968896,11205
130,367,30044,30853518,1026.944414858208,40.75828065,-73.97069431,10022
131,368,74949,88567680,1181.705960052836,40.73038599,-74.00214988,
132,369,35416,43087883,1216.6219505308336,40.73224119,-74.00026394,10011
133,372,8120,13012880,1602.571428571429,40.694546087246025,-73.95801365375519,11205
134,373,11325,12727856,1123.872494481236,40.69331716,-73.95381995,11205
135,376,19528,26368881,1350.3113990167965,40.70862144,-74.00722156,10038
136,377,22719,30634413,1348.4049914168756,40.72243797,-74.00566443,
137,379,47228,46756699,990.0207292284238,40.74915599339375,-73.9916000169391,10001
138,380,62587,69475634,1110.0649336124116,40.73401142963475,-74.00293880391216,10014
139,383,37549,37923131,1009.9638072918052,40.735238,-74.000271,10014
140,385,40649,45912362,1129.483185318212,40.75797322,-73.96603308,10022
141,386,19958,32654865,1636.1792263753882,40.71494807,-74.00234482,10007
142,387,41302,63685971,1541.9585250108953,40.71273266,-74.0046073,10007
143,388,29974,35861974,1196.4360445719624,40.74971772905415,-74.00295038101882,10001
144,389,20974,26117046,1245.2105463907694,40.71044554,-73.96525063,11249
145,390,17008,21830001,1283.5136994355598,40.69221587730656,-73.9842843244826,11201
146,391,22445,28870595,1286.2817999554466,40.69760127,-73.99344559,11201
147,392,22158,33059546,1491.9914252188826,40.695065,-73.987167,11201
148,393,26097,30621383,1173.3679350116872,40.72299208,-73.97995466,10009
149,394,28663,34592771,1206.878938003698,40.72521311,-73.97768752,
150,396,8123,14485621,1783.284623907423,40.68034238084525,-73.95576896764524,11238
151,397,9716,11124342,1144.950802799506,40.68415748,-73.96922273,11238
152,398,32395,46486941,1435.0035807995062,40.69165183,-73.9999786,11201
153,399,14882,14378734,966.1829055234512,40.68851534,-73.9647628,11205
154,400,10268,19213438,1871.195753798208,40.71926081,-73.98178024,10002
155,401,45958,56084194,1220.3358283650289,40.72019576,-73.98997825,10002
156,402,80868,75166451,929.4956101300884,40.7403432,-73.98955109,10010
157,403,40762,40966000,1005.0046612040626,40.72502876,-73.99069656,
158,405,45905,59116336,1287.7973205533167,40.739323,-74.008119,10014
159,406,15522,17827475,1148.5295065068935,40.69512845,-73.99595065,11201
160,408,17819,26728102,1499.9776642909253,40.71076228,-73.99400398,10002
161,410,42234,48771505,1154.7924657858598,40.72066442,-73.98517977,10002
162,411,43992,58409556,1327.7313147845064,40.72228086361543,-73.97668709711289,10009
163,412,45477,60984260,1340.9912703124655,40.71581550405699,-73.99422367707105,10002
164,415,28225,37678880,1334.947032772365,40.7047177,-74.00926027,
165,416,13779,15256111,1107.2001596632556,40.68753405999999,-73.97265183,11238
166,417,21205,25696195,1211.7988681914642,40.71291224,-74.01020234,10007
167,418,11435,15133036,1323.3962396152165,40.70224,-73.982578,11201
168,419,7882,12967643,1645.2224054808423,40.69580705,-73.97355568999998,11205
169,420,9358,10511899,1123.3061551613594,40.68764484,-73.96968902,11238
170,421,6295,8197128,1302.1648927720414,40.69573398,-73.97129668,11205
171,422,37661,39754993,1055.6010992804229,40.770513,-73.988038,10019
172,423,28186,29514361,1047.1283970765628,40.76584945082133,-73.98690502788973,10019
173,426,101767,145765438,1432.3448465612626,40.717548354264544,-74.0132206878314,10281
174,427,18713,37289005,1992.679153529632,40.701907,-74.013942,10004
175,432,54561,50633468,928.015762174447,40.72621785767856,-73.98379853536409,10009
176,434,32202,34100782,1058.9647226880318,40.74317449,-74.00366443,10011
177,435,100313,81133797,808.8064059493785,40.74173971512756,-73.99415557683609,10010
178,436,10569,18802838,1779.0555397861672,40.68216564,-73.95399026,11216
179,437,12963,15702342,1211.3200647998149,40.6809833854,-73.9500479759,11216
180,438,48791,47040317,964.118730913488,40.72779126,-73.98564945,10003
181,439,49668,49112044,988.8065555287106,40.7262807,-73.98978041,10003
182,440,26037,28096228,1079.088527864193,40.752554318709535,-73.97282629508007,10017
183,442,45523,46325472,1017.6278364782636,40.746647,-73.993915,10001
184,443,8463,12654823,1495.3117097955808,40.70853074,-73.96408963,11211
185,445,66267,78432098,1183.5770142001295,40.72740795786893,-73.98142001714126,10009
186,446,62389,64262793,1030.0340284344998,40.74487634,-73.99529885,10001
187,447,58543,65866091,1125.0890969031311,40.76370739999641,-73.98516152864562,10019
188,448,47019,55764978,1186.0094429911312,40.75660364939769,-73.99790090421533,10018
189,450,48209,51036666,1058.6543176585285,40.76227202361385,-73.98788207318965,10019
190,453,53491,49518525,925.73563777084,40.74475152668149,-73.99915357686676,10011
191,454,28891,33683388,1165.8782319753557,40.75455731,-73.96592976,10022
192,455,28384,32840074,1156.99246054115,40.75001986,-73.96905301000001,10017
193,456,26142,25355456,969.9126310152244,40.7597108,-73.97402311,10022
194,457,6905,7644451,1107.0892107168718,40.76695317,-73.98169333,10019
195,458,41799,47794542,1143.4374506567142,40.75139601445011,-74.00522597066914,10001
196,459,44655,54574539,1222.1372522673832,40.746744966633074,-74.00775596614041,10011
197,460,47577,63295147,1330.372806187864,40.71285887296634,-73.96590292102151,11249
198,461,42282,39713602,939.255522444539,40.73587678,-73.98205027,10003
199,462,62596,67671355,1081.0811393699278,40.74691959,-74.00451887,10011
200,464,24218,25589800,1056.6438186472872,40.75934501,-73.96759673,10022
201,465,43907,58175745,1324.9765413259845,40.75513557,-73.98658032,10036
202,466,42520,40589219,954.5912276575727,40.74395411,-73.99144871,10010
203,467,19142,23094595,1206.4880890189113,40.68312489,-73.97895137,11217
204,468,63640,77557395,1218.6894248900062,40.76526534034883,-73.98192343075203,10019
205,469,28433,31173074,1096.3695002286076,40.76344058,-73.98268129,
206,470,44219,46668099,1055.3856713177593,40.74345335,-74.00004031,10011
207,471,18216,25386626,1393.6443785682916,40.71286844,-73.95698119,11211
208,472,45216,44836478,991.606466737438,40.745712106367215,-73.9819483132597,10016
209,473,31145,35243358,1131.589597046075,40.72110063,-73.9919254,10002
210,474,43355,46387008,1069.934448160535,40.7451677,-73.98683077,10016
211,476,55145,52270283,947.8698522078156,40.74394312289709,-73.97966069615306,10016
212,477,56250,60935874,1083.3044266666666,40.75640543002738,-73.9900261635129,10018
213,478,62586,69881645,1116.5699197903684,40.76030097116927,-73.998842206543,10036
214,479,51606,56996894,1104.4625431151417,40.760192535647015,-73.99125511443437,10036
215,480,47974,52248063,1089.0912369199984,40.76669671632197,-73.99061730882228,10019
216,481,27966,37452023,1339.1984195094042,40.7126048741293,-73.96264400697098,11249
217,482,55056,55124198,1001.2387024120897,40.73935543170772,-73.99931780606383,10011
218,483,38183,35076343,918.6376921666712,40.73223272,-73.98889957,10003
219,484,26473,27133147,1024.9366146639973,40.75500254,-73.98014437,10036
220,485,26593,29210302,1098.4207122175007,40.75038009,-73.98338988,10018
221,486,43330,46750871,1078.9492499423031,40.7462009,-73.98855723,10001
222,487,37652,39950864,1061.0555614575587,40.73314259,-73.97573881,10009
223,489,48881,46130442,943.7295063521614,40.75066386,-74.00176802,10001
224,490,62776,80126093,1276.3809895501463,40.751551,-73.993934,10001
225,491,18575,16060730,864.6422611036339,40.74096368811629,-73.98602212880861,10010
226,492,52732,50922024,965.67594629447,40.75019995,-73.99093085,10001
227,493,24054,35864543,1491.0012056206867,40.7568001,-73.98291153,10036
228,494,50934,52649825,1033.6872226803314,40.74734811764735,-73.99723558504712,10001
229,495,50015,50836900,1016.4330700789764,40.76269882,-73.99301222,10036
230,496,45938,40338075,878.0981975706387,40.7372618542997,-73.99238966151748,10003
231,497,93968,89616150,953.687957602588,40.737049839469606,-73.99009294836881,10003
232,499,90782,126109955,1389.1515388513142,40.76915507792239,-73.98191844574245,10023
233,500,25202,27324405,1084.215736846282,40.76228820888263,-73.98336181564281,10019
234,501,68378,85654762,1252.6655064494428,40.744219,-73.97121214,10016
235,502,38568,43458470,1126.8012341837791,40.714211,-73.981095,10002
236,503,42819,38104214,889.8903290595297,40.73827422048063,-73.98751974914315,10010
237,504,58091,52783622,908.6368284243688,40.73221853,-73.98165557,10009
238,505,68462,72163075,1054.060281616079,40.74901271,-73.98848395,10001
239,507,45446,44928439,988.6115169651896,40.7391260292314,-73.97973776577037,10010
240,508,36796,44837667,1218.5473149255354,40.76341380593136,-73.99667447602458,10036
241,509,67561,59932005,887.0798981661018,40.74549730744068,-74.00197137562202,10011
242,510,3341,3785620,1133.0799161927566,40.7606597,-73.98042047,10019
243,513,32366,38345961,1184.760582092319,40.768254,-73.988639,10019
244,514,99327,153735337,1547.769861165645,40.7608750237748,-74.00277671694826,10018
245,515,52317,56074544,1071.822619798536,40.76009440462087,-73.99461844458685,10036
246,516,19934,24150731,1211.5346142269489,40.75206861311528,-73.96784385566771,10017
247,517,30258,28340615,936.6321303456936,40.751581,-73.97791,10017
248,518,37684,42335698,1123.439603014542,40.74780376174478,-73.97344191481,10016
249,519,74041,71535326,966.1582906767871,40.75187300343053,-73.97770598092949,10017
250,520,9688,8464780,873.7386457473162,40.75992273120768,-73.97648521314203,10019
251,522,19525,21747674,1113.8373367477593,40.75714758,-73.97207836,10022
252,523,25953,28313355,1090.9472893307131,40.75466592287288,-73.99138154383078,10018
253,525,38692,51323257,1326.4565543264755,40.75594159,-74.0021163,10001
254,526,37854,42560991,1124.345934379458,40.747659540826334,-73.98490712774449,10016
255,528,61298,59645222,973.0369995758426,40.74290902148422,-73.97706057901172,10016
256,529,35962,49675364,1381.3292920304766,40.7575699,-73.99098507,10036
257,530,41616,54557465,1310.9733035371012,40.77149667457962,-73.99046030111761,10023
258,531,35995,39390471,1094.3317405195166,40.71893904,-73.99266288,10002
259,532,62096,87993623,1417.0578298119042,40.710451,-73.960876,11211
260,533,28928,33372896,1153.6537610619469,40.75299641,-73.98721619,10018
261,534,15465,23364529,1510.8004526349823,40.70255065,-74.01272339999998,10004
262,536,41120,36495432,887.5348249027237,40.741443834886425,-73.97536078690614,10016
263,537,773,530884,686.783958602846,40.74025878,-73.98409214,10010
264,539,40265,50820631,1262.1540047187384,40.71534825,-73.96024116,11211
265,540,34022,33987134,998.9751925224856,40.743115550368415,-73.98215355976916,10016
266,545,53144,52684312,991.3501430076772,40.73650201874153,-73.97809467880175,10010
267,546,30687,32050159,1044.4213836477988,40.74444911554893,-73.9830352877,10016
268,2000,33920,55031106,1622.379304245283,40.70255092272169,-73.98940234813797,11201
269,2002,34995,44778067,1279.5561365909416,40.71688697465353,-73.96319796576655,11249
270,2003,50444,46739693,926.5659543255888,40.73381219196632,-73.98054420948029,10009
271,2005,984,1068855,1086.2347560975609,40.70531194,-73.97100056000001,11251
272,2006,69649,107666574,1545.8452239084552,40.76590939131819,-73.97634152890882,10021
273,2008,62506,90719685,1451.3756279397178,40.70569256091735,-74.01677683757158,10004
274,2009,21119,31574154,1495.0591410578152,40.71117438438941,-73.99682624558075,10038
275,2010,24146,27315515,1131.2645986912946,40.72170005235607,-74.00238141417502,10013
276,2012,52158,53200401,1019.9854480616588,40.739445,-73.976806,10016
277,2017,23635,25369123,1073.370975248572,40.75022392,-73.97121414,10017
278,2021,33967,40792664,1200.949863102423,40.75929124,-73.98859651,10036
279,2022,13443,18728295,1393.163356393662,40.75910691765231,-73.95922298341144,10022
280,3002,13486,15036735,1114.9885065994365,40.711512,-74.015756,10280
281,3016,58966,77290787,1310.7686972153444,40.72036775298455,-73.96165072917938,11249
282,3041,12599,34299847,2722.426144932137,40.67890679,-73.94142771,11213
283,3042,14027,39250969,2798.244029371925,40.6794268,-73.9298911,11233
284,3043,9056,15850384,1750.2632508833922,40.6814598,-73.934903,11233
285,3044,5079,11230198,2211.1041543610945,40.6800105,-73.938475,11216
286,3046,6950,11988330,1724.9395683453238,40.68260099999999,-73.938037,11216
287,3047,11249,18760391,1667.7385545381812,40.68236875612054,-73.94411798951019,11216
288,3048,6588,12450048,1889.8069216757744,40.68402,-73.94977,11216
289,3049,10915,12386932,1134.854054054054,40.68488,-73.96304,11238
290,3050,8817,18974975,2152.0897130543267,40.6851532,-73.94111,11221
291,3052,12928,23729445,1835.5078125,40.68631200000001,-73.935775,11221
292,3053,12035,28357829,2356.2799335272125,40.6900815,-73.947915,11216
293,3054,9334,17673459,1893.4496464538247,40.6894932,-73.942061,11221
294,3055,10994,22328280,2030.9514280516648,40.6883337,-73.950916,11216
295,3056,11114,15538319,1398.08520784596,40.69072560467608,-73.95133452991273,11205
296,3057,10763,14251664,1324.134906624547,40.69128264665613,-73.94524148464183,11216
297,3058,8281,19195038,2317.961357323995,40.69237074,-73.93705428,11221
298,3059,6464,13574079,2099.950340346534,40.69339819999999,-73.939877,11206
299,3060,9858,16952413,1719.660478798945,40.69425403,-73.94626915,11206
300,3061,5390,12818926,2378.2794063079778,40.69622937,-73.94371094,11206
301,3062,8320,15183044,1824.8850961538465,40.69539817,-73.94954908,11206
302,3063,7006,14237980,2032.255209820154,40.69527008,-73.95238108,11206
303,3064,6091,11506314,1889.068133311443,40.69681963,-73.93756926,11206
304,3065,6547,15850129,2420.9758668092254,40.70029510999999,-73.95032283,11206
305,3066,6399,11052826,1727.2739490545398,40.69957608,-73.94708417,11206
306,3067,11428,21570942,1887.5518025901292,40.7016657,-73.9437303,11206
307,3068,6580,11576979,1759.4193009118542,40.70317240000001,-73.940636,11206
308,3069,4437,5077941,1144.4536849222447,40.70411791,-73.94818595,
309,3070,8524,15185592,1781.5100891600189,40.70510918,-73.94407279,11206
310,3071,9673,12569487,1299.44040111651,40.70538077,-73.94976519,11206
311,3072,7512,12732722,1694.9842917997871,40.70583354529953,-73.94644585377796,11206
312,3074,13969,23341374,1670.940940654306,40.70767783147255,-73.94016177001073,11206
313,3075,3590,7544710,2101.590529247911,40.70708701,-73.95796783000002,11211
314,3076,18206,25294017,1389.323135230144,40.70870368,-73.9448625,11206
315,3077,22082,33917598,1535.983968843402,40.70877089566344,-73.95095254686125,11206
316,3078,16676,23998941,1439.1305468937394,40.70924830784056,-73.96063157181838,11211
317,3080,15991,24371834,1524.0969295228565,40.70934,-73.95608,11211
318,3081,18338,25685698,1400.6815356091176,40.711863,-73.944024,11211
319,3082,23335,28352758,1215.031412041997,40.71167351,-73.95141312,11211
320,3083,10658,13637648,1279.5691499343216,40.71247661,-73.94100005,11211
321,3085,19792,24719928,1248.9858528698464,40.71469,-73.95739,11211
322,3086,16457,16075834,976.83867047457,40.71514305207511,-73.94450696919245,11211
323,3087,16774,19355257,1153.8844044354355,40.71413311,-73.95234386,
324,3088,9934,12712461,1279.6920676464667,40.7160751,-73.952029,11211
325,3092,26136,33107087,1266.7235613712887,40.71900949890955,-73.95852520450528,11249
326,3093,34306,36729812,1070.6527138109952,40.71745164768407,-73.958509404301,11249
327,3094,11936,12279494,1028.7779825737266,40.7169811,-73.94485918,11211
328,3095,6145,8630469,1404.4701383238405,40.71929301,-73.94500379,11222
329,3096,32365,40215764,1242.5695658890777,40.71924,-73.95242,11211
330,3100,13249,20016808,1510.816514453921,40.72481260684162,-73.94752609735461,11222
331,3101,19088,24531723,1285.190852891869,40.720798272960494,-73.95484718039816,11211
332,3102,13088,14741766,1126.3574266503667,40.72179134,-73.9504154,11222
333,3105,5806,9805420,1688.8425766448502,40.724055,-73.955736,11249
334,3106,15009,17615716,1173.6768605503364,40.72324991671664,-73.94308006129654,11222
335,3107,27566,32933749,1194.723536240296,40.72311646949685,-73.95212327180585,11222
336,3108,15627,16757438,1072.3387726371025,40.725569927049335,-73.94433995648558,11222
337,3109,11621,13332390,1147.2670166078651,40.72606,-73.95621,11222
338,3110,17198,18053239,1049.7289801139668,40.72708589315501,-73.95299117051343,11222
339,3112,30810,37772237,1225.973287893541,40.72905996559558,-73.95779003927298,11222
340,3113,16607,21202189,1276.701932919853,40.73026013367857,-73.95393983019208,11222
341,3115,18068,20774729,1149.8078924064644,40.73232194,-73.9550858,11222
342,3116,18898,26893932,1423.109958725791,40.73266,-73.95826,11222
343,3117,20520,26356023,1284.4065789473684,40.7356400662768,-73.9586600165692,11222
344,3118,16190,22240500,1373.7183446571958,40.73555008956146,-73.95284000988265,11222
345,3119,16727,16150863,965.5564655945476,40.74232756062413,-73.95411728957733,11101
346,3121,6094,7137265,1171.1954381358714,40.74524768,-73.94733276,11101
347,3122,7403,10706640,1446.256922869107,40.74436310291356,-73.95587326808261,11101
348,3123,6486,12602245,1942.991828553808,40.74469758083564,-73.93540368775055,11101
349,3124,22908,26878769,1173.3354723240789,40.74731,-73.95451,11101
350,3125,12623,13998193,1108.9434365840134,40.74708568795532,-73.94977237607065,11101
351,3126,17660,28031049,1587.2621177802944,40.74718227304983,-73.94326354170443,11101
352,3127,5611,9454864,1685.058634824452,40.74966,-73.9521,11101
353,3128,3585,3777184,1053.607810320781,40.75052534,-73.94594845,11101
354,3129,40814,54229426,1328.6966727103445,40.75110167201083,-73.94073717643971,11101
355,3130,7870,23360905,2968.348792884371,40.75325964,-73.94335788,11101
356,3131,14052,14019767,997.7061628237972,40.76712840349541,-73.96224617958069,10065
357,3132,23295,24140915,1036.313157329899,40.76350534123546,-73.9710924260322,10022
358,3134,24267,26628274,1097.303910660568,40.76312584,-73.96526895,10065
359,3135,18737,20804324,1110.3337780861398,40.77112927,-73.95772297,10021
360,3136,25934,37239696,1435.9410812061387,40.76636802436956,-73.97151798002622,10065
361,3137,62637,90647442,1447.1868384501174,40.7728281782298,-73.96685281494706,10021
362,3139,18036,20464616,1134.6538035041028,40.77118280982245,-73.96409427181254,10021
363,3140,58134,63895250,1099.1029345993738,40.77140421168885,-73.95351658222727,10075
364,3141,100260,101997961,1017.3345401954916,40.76500523997357,-73.95818491812976,10065
365,3142,58268,66127848,1134.8913297178551,40.7612274,-73.96094022,10065
366,3143,37165,55585176,1495.6323422575003,40.77632140452569,-73.96427396866876,10075
367,3144,9879,10542085,1067.1206599858283,40.77677702,-73.9590097,10028
368,3145,18297,22694404,1240.3346996775429,40.77862690039241,-73.95772079991693,10028
369,3146,18886,20296003,1074.6586360266865,40.77573034,-73.9567526,10028
370,3147,45338,55983102,1234.7942564735984,40.77801211716485,-73.9540713954665,10028
371,3148,33622,39624282,1178.5224555350662,40.77565542024895,-73.95068612959223,10028
372,3150,18120,20648283,1139.5299668874172,40.77536905,-73.94803392,10028
373,3151,25331,28075168,1108.3323990367537,40.77283841275906,-73.94989233850104,10028
374,3152,15335,16342825,1065.7205738506684,40.76873687,-73.96119945,10021
375,3154,22098,22827216,1032.9991854466468,40.77314236,-73.95856158,10075
376,3156,43316,42140477,972.8616908301782,40.76663814835396,-73.95348294885031,10021
377,3157,16129,24399361,1512.763407526815,40.775186200458805,-73.94446051144647,10028
378,3158,37268,39283304,1054.075990125577,40.77163858306483,-73.98261430069981,10023
379,3159,29632,29613339,999.3702416306696,40.77492516627396,-73.98266567128306,10023
380,3160,34128,48164380,1411.2863338021566,40.77896784,-73.97374737,10024
381,3161,24032,25163789,1047.0950815579229,40.7801839231574,-73.97728531365446,10023
382,3163,55512,76785767,1383.2282569534516,40.7734066,-73.97782542,10023
383,3164,52546,59840523,1138.82166102082,40.77705747987477,-73.97898476932116,10023
384,3165,61930,93372779,1507.7148231874696,40.77579376683666,-73.9762057363987,10023
385,3166,41056,63327263,1542.4606147700702,40.7805780247392,-73.98562432250509,10023
386,3167,53964,56382550,1044.817841523979,40.77966807769283,-73.9809304303364,10023
387,3168,22114,33352891,1508.2251514877453,40.78472676235642,-73.9696172125328,10024
388,3169,24181,40521346,1675.7514577560894,40.78720869,-73.98128127,10024
389,3170,31659,32934036,1040.2740452951766,40.78499979,-73.97283406,10024
390,3171,33062,33838655,1023.4908656463614,40.78524672,-73.97667321,10024
391,3172,21885,22042868,1007.213525245602,40.7785669,-73.97754961,10023
392,3173,40051,62029937,1548.7737384834336,40.77750706482476,-73.98888588236598,10069
393,3175,38673,42265141,1092.8849843560106,40.77748046,-73.98288594,10023
394,3177,22231,27106185,1219.2967028023932,40.7867947,-73.977112,10024
395,3178,21609,35625529,1648.6431116664353,40.784144799159606,-73.98362486216112,10024
396,3179,6503,21104644,3245.3704444102723,40.69861699999999,-73.941342,11206
397,3182,7679,20157376,2625.00013022529,40.686931,-74.016966,10004
398,3184,15,51708,3447.2,40.7141454,-74.0335519,07302
399,3185,19,54000,2842.1052631578946,40.7177325,-74.043845,07302
400,3186,5,18091,3618.2,40.71958611647166,-74.04311746358871,07302
401,3187,2,17345,8672.5,40.7211236,-74.03805095,07302
402,3192,5,11808,2361.6,40.7112423,-74.0557013,07304
403,3194,1,502244,502244.0,40.7253399253558,-74.06762212514877,07306
404,3195,8,936754,117094.25,40.73089709786179,-74.06391263008118,07306
405,3196,9,30006,3334.0,40.7443187,-74.0439909,07307
406,3198,37,1052717,28451.81081081081,40.74871594538023,-74.04044330120087,07307
407,3199,32,216415,6762.96875,40.7287448,-74.0321082,07310
408,3202,13,88011,6770.076923076923,40.7272235,-74.0337589,07310
409,3203,10,48605,4860.5,40.727595966,-74.044247311,07302
410,3206,4,914290,228572.5,40.7311689,-74.0575736,07306
411,3211,3,11889,3963.0,40.72152515,-74.046304543,07302
412,3213,3,21578,7192.666666666667,40.71848892,-74.047726625,07302
413,3214,9,540154,60017.11111111111,40.7127742,-74.0364857,07302
414,3221,6844,12045236,1759.9701928696668,40.743,-73.93561,11101
415,3225,2,27217,13608.5,40.7236589,-74.0641943,07304
416,3226,21218,27293255,1286.3255254972194,40.78275,-73.97137,10024
417,3231,9947,13228565,1329.9049964813512,40.767800720974485,-73.96592071335986,10065
418,3232,25901,33754311,1303.2049341724255,40.68962188790333,-73.98304268717766,11201
419,3233,32243,30692543,951.9133765468474,40.75724570251213,-73.97805910997921,10017
420,3235,21162,20619691,974.3734524147056,40.752165280621966,-73.97992193698882,10017
421,3236,31701,40057022,1263.588593419766,40.75898478293064,-73.99379972429547,10036
422,3241,11615,19075739,1642.3365475678002,40.686203,-73.944694,11216
423,3242,14283,16037421,1122.8328082335645,40.69102932474462,-73.99183363887228,11201
424,3243,13002,15687689,1206.559683125673,40.75892386377695,-73.96226227283478,10022
425,3244,46539,45880079,985.8415307591482,40.73143723145713,-73.99490341751687,10003
426,3245,68,33383609,490935.42647058825,40.71644423134479,-73.9823305606842,10002
427,3246,15797,15762267,997.80129138444,40.69428123240937,-73.99230029356868,11201
428,3249,7965,14603801,1833.4966729441303,40.6803560840434,-73.9476791024208,11216
429,3254,8521,22398639,2628.639713648633,40.69231660719192,-74.01486575603485,10004
430,3255,61365,61028448,994.515570765094,40.75058539312768,-73.99468482567926,10001
431,3256,80109,111800953,1395.6103933390757,40.7277140777778,-74.01129573583603,10014
432,3259,40728,37967635,932.224391082302,40.749370232842175,-73.99923381160137,10001
433,3260,40216,42464781,1055.9175701213449,40.72706363348306,-73.99662137031554,10012
434,3263,46953,42328653,901.5111494473196,40.72951499387767,-73.9907527235559,10003
435,3270,8,181477,22684.625,40.72528910781132,-74.04557168483734,07302
436,3273,7,58785,8397.857142857143,40.72165072488,-74.04288411140442,07302
437,3275,4,17667,4416.75,40.71835519823214,-74.03891444206238,07302
438,3276,8,371725,46465.625,40.71458403535893,-74.04281705617905,07302
439,3277,2,17771,8885.5,40.71435836870427,-74.06661093235016,07304
440,3278,1,25909,25909.0,40.72568548362901,-74.04879033565521,07302
441,3280,3,1630547,543515.6666666666,40.71928220070702,-74.07126188278198,07304
442,3282,51588,82761518,1604.278475614484,40.78306997925875,-73.9593899924401,10128
443,3283,28133,35796364,1272.3976824369956,40.7882213,-73.97041561,10024
444,3284,14743,16335382,1108.0093603744149,40.781410700190015,-73.95595908164978,10128
445,3285,18785,21172301,1127.0854937450092,40.78839,-73.9747,10024
446,3286,24301,27170392,1118.0771161680589,40.78062845644212,-73.95216673429078,10128
447,3287,19359,23454627,1211.5619091895242,40.789622,-73.97757,10024
448,3288,32822,38549355,1174.4974407409663,40.77830102129669,-73.94881343615258,10128
449,3289,17393,21308879,1225.1410912436038,40.79017952812606,-73.97288924881741,10024
450,3290,20363,23537550,1155.897952168148,40.77794535179492,-73.94604104709522,10128
451,3292,20251,30987367,1530.1647819860748,40.7857851,-73.957481,10128
452,3293,16942,18582080,1096.8055719513634,40.7921,-73.9739,10025
453,3294,14437,17007304,1178.0358800304773,40.7835016,-73.955327,10128
454,3295,23900,41055475,1717.80230125523,40.79127,-73.964839,10025
455,3296,14004,14371277,1026.226578120537,40.782454175279874,-73.9489196240902,10128
456,3297,11145,11060159,992.3875280394795,40.6686627,-73.97988067,11215
457,3298,9673,14802523,1530.2928770805331,40.686371,-73.99383324,11201
458,3299,9455,9003694,952.2680063458488,40.78813,-73.95206,10029
459,3300,16094,23604291,1466.6516092953896,40.66514680621555,-73.97637609543983,11215
460,3301,40307,47257627,1172.4421812588384,40.79195565257896,-73.96808699568312,10025
461,3302,5722,14729795,2574.23890248165,40.7969347,-73.9643412291,10025
462,3303,7581,11398515,1503.5635140482786,40.6849894,-73.99440329,11231
463,3304,8982,10985218,1223.025829436651,40.668127,-73.98377641,11215
464,3305,29235,35569628,1216.679596374209,40.781122359386174,-73.9496559140057,10128
465,3306,9101,10883656,1195.874739039666,40.6662078,-73.98199886,11215
466,3307,22703,40995306,1805.721975069374,40.79416539271462,-73.97412399453817,10025
467,3308,10936,13662257,1249.291971470373,40.6861758,-73.99645295,11201
468,3309,8240,11120375,1349.560072815534,40.7859201,-73.94860294,10029
469,3310,10808,15541677,1437.9789970392303,40.663779,-73.98396846,11215
470,3311,10198,13150431,1289.5107864287115,40.68763168418808,-74.00162553865464,11231
471,3312,22338,37372438,1673.043155161608,40.781721212480974,-73.94594004745277,10128
472,3313,7873,10348163,1314.3862568271306,40.6663181,-73.9854617,11215
473,3314,28644,36113718,1260.777754503561,40.79377040801564,-73.97188796899876,10025
474,3315,11461,13270776,1157.9073379286276,40.6847514,-73.99917254,11231
475,3317,6823,8843325,1296.105085739411,40.6686273,-73.98700053,11215
476,3318,30123,41463554,1376.47491949673,40.7839636,-73.9471673,10128
477,3319,13510,19620045,1452.260917838638,40.666286904737234,-73.98895053366172,11215
478,3320,19506,31300778,1604.6743566082232,40.79406660135601,-73.96286836302754,10025
479,3321,9336,12332526,1320.964652956298,40.6831164,-73.99785267,11231
480,3322,5606,9126369,1627.964502318944,40.668602892436674,-73.99043914323939,11215
481,3323,28607,39159663,1368.883944489111,40.7981856,-73.9605909006,10025
482,3324,6042,13105858,2169.125786163522,40.6685455,-73.99333264,11215
483,3325,12263,13996151,1141.331729593085,40.7849032,-73.950503,10128
484,3326,3150,7724391,2452.187619047619,40.67434,-74.00194698,11231
485,3327,7551,11553371,1530.0451595815125,40.7877214,-73.94728331,10029
486,3328,24179,30908662,1278.3267298068572,40.7949999586418,-73.9645000206791,10025
487,3329,11757,15319134,1302.9798417963766,40.6829151,-73.99318208,11231
488,3330,2215,5717160,2581.110609480813,40.6725058,-74.00494695,11231
489,3331,26098,42938526,1645.2803279944824,40.80134339999999,-73.9711457439,10025
490,3332,7543,9940131,1317.7954394803128,40.68199044270703,-73.99079024791718,11217
491,3333,1738,3796684,2184.5132336018414,40.6747055,-74.0075572,11231
492,3335,13875,16298249,1174.6485765765765,40.6772744,-73.98282002,11215
493,3336,24274,32376266,1333.7837192057343,40.78780100819807,-73.95355897697124,10029
494,3337,4757,8737346,1836.7344965314276,40.67363551341504,-74.01195555925369,11231
495,3338,12115,16654696,1374.7169624432522,40.7862586,-73.94552579,10029
496,3339,8164,10284998,1259.798873101421,40.6765304,-73.97846879,
497,3340,1863,3469790,1862.4745034889963,40.6753274,-74.0100698,11231
498,3341,5043,6548553,1298.5431290898275,40.795346,-73.96186,10025
499,3342,2972,8531967,2870.7829744279948,40.6777748,-74.0094613,11231
500,3343,11085,15880427,1432.605051871899,40.79975682193955,-73.96211285741799,10025
501,3344,6980,14859861,2128.9199140401147,40.679043,-74.011169,11231
502,3345,18717,22213363,1186.8014639098146,40.78948533617031,-73.95242932507746,10029
503,3346,12393,13656262,1101.9335108529008,40.67514665363132,-73.97523189568912,11217
504,3347,7342,12632432,1720.5709615908472,40.67734289999999,-74.01275056,11231
505,3348,8214,17591354,2141.6306306306305,40.677236,-74.015665,11231
506,3349,39588,66303266,1674.8324239668586,40.6729679,-73.97087984,11238
507,3350,30447,43157979,1417.4788649127993,40.79737208777876,-73.97041193931489,10025
508,3351,24949,42743231,1713.2242174035032,40.7869946,-73.94164802,10029
509,3352,4978,11055975,2220.967255926075,40.67267243410948,-74.0087952464819,11231
510,3354,26291,41622410,1583.142900612377,40.66813198995854,-73.97363833751436,11215
511,3355,13968,17241892,1234.385166093929,40.76800889305947,-73.96845281124115,10065
512,3356,15286,16921245,1106.9766452963495,40.77466718719744,-73.98470575467421,10023
513,3357,16414,22736764,1385.2055562324845,40.8008363,-73.9664492472,10025
514,3358,10062,12490346,1241.338302524349,40.6711978,-73.97484126,11215
515,3359,9293,11847004,1274.8309480253954,40.7691572,-73.96703464,10065
516,3360,18400,20967118,1139.5172826086955,40.78293904896196,-73.97865177327718,10024
517,3361,10538,12413889,1178.011861833365,40.6740886,-73.9787282,11215
518,3362,21074,28780606,1365.692607003891,40.7781314,-73.96069399,10028
519,3363,11774,32901522,2794.421776796331,40.7904828,-73.95033068,10029
520,3364,12113,14444509,1192.4798976306447,40.6751622,-73.9814832,11215
521,3365,12208,13399720,1097.6179554390565,40.6703837,-73.97839676,11215
522,3366,15805,19766268,1250.6338500474533,40.8021174,-73.9681805305,10025
523,3367,29292,38066596,1299.5560562610951,40.79225521429059,-73.95249936418475,10029
524,3368,17005,19406264,1141.209291384887,40.6728155,-73.98352355,11215
525,3369,17374,21541265,1239.8563946126396,40.7724607,-73.9468208,10028
526,3370,17099,17833023,1042.9278320369613,40.77279661189543,-73.95577802298264,10075
527,3372,36072,36543537,1013.0721057884232,40.7689738,-73.95482273,10021
528,3373,10034,10597622,1056.1712178592784,40.6750705,-73.98775226,11215
529,3374,53825,96626439,1795.1962656758012,40.79948400000001,-73.955613,10029
530,3375,16524,18213778,1102.2620430888403,40.7699426,-73.96060712,10021
531,3376,22087,23806126,1077.8342916647805,40.76471851944339,-73.96222069859505,10065
532,3377,9430,13474168,1428.8619300106045,40.6786115,-73.99037292,11231
533,3378,18271,19234765,1052.7483443708609,40.77376295823984,-73.9622208679109,10021
534,3379,14350,31387290,2187.267595818815,40.79030514842509,-73.94755753114495,10029
535,3381,4672,5146586,1101.5809075342463,40.6777287,-73.99364123,11231
536,3382,11249,13421408,1193.1200995644058,40.680611,-73.99475825,11231
537,3383,26467,37243788,1407.1782975025503,40.804213,-73.96699104,10025
538,3384,8660,12817261,1480.053233256351,40.6787242,-73.99599099,11231
539,3386,7818,10038339,1284.0034535686875,40.6809591,-73.99905709,
540,3387,11483,20354485,1772.5755464599845,40.79343374931639,-73.94945007789428,10029
541,3388,7608,11717023,1540.0924027339645,40.6828003,-73.99990419,11231
542,3389,6066,6316264,1041.256841411144,40.6830456,-74.00348559,11231
543,3390,10360,21381659,2063.866698841699,40.79329668,-73.9432083,10029
544,3391,11366,20933270,1841.7446771071616,40.7892529,-73.93956237,10029
545,3392,4217,6940714,1645.88902063078,40.6812117,-74.00860912,11231
546,3393,2733,3753429,1373.3732162458837,40.6794327,-74.00785041,11231
547,3394,2659,9109545,3425.92892064686,40.6769993,-74.00647134,11231
548,3395,1945,3038424,1562.1717223650385,40.67637440000001,-74.00324957,11231
549,3396,8532,11608541,1360.5884903891233,40.6783563,-74.00014502,11231
550,3397,7946,9615827,1210.146866347848,40.6763947,-73.99869893,11231
551,3398,8615,16673882,1935.4477074869412,40.6746957,-73.99785768,11231
552,3399,5466,6439958,1178.1847786315404,40.67260298150126,-73.98983001708984,11215
553,3400,22844,39274348,1719.241288741026,40.79615361116705,-73.94782134212267,10029
554,3402,21736,21125250,971.9014538093486,40.6902373861336,-73.99203073717152,11201
555,3403,9457,14918770,1577.5372739769482,40.6705135,-73.98876585,11215
556,3404,7217,8646776,1198.1122350006929,40.6704922,-73.98541675,11215
557,3405,5477,6548628,1195.6596677012965,40.6704836,-73.98208968,11215
558,3407,6334,6363001,1004.5786233028102,40.67909799721684,-73.98765474557877,11215
559,3408,15585,16424296,1053.8528071863973,40.6881529,-73.99520919,11201
560,3409,29304,32994931,1125.9531463281464,40.6867443,-73.99063168,11201
561,3410,10415,14355421,1378.3409505520883,40.6864442,-73.98759104,11217
562,3411,10950,14269883,1303.1856621004565,40.6849668,-73.98620772,11217
563,3412,10329,11118547,1076.4398296059635,40.685376220805495,-73.98302135586407,11217
564,3414,14621,18783234,1284.675056425689,40.680944723477296,-73.97567331790923,11217
565,3415,7668,10352873,1350.1399321857068,40.6793307,-73.97519523,11217
566,3416,17308,18196846,1051.354633695401,40.67761466448463,-73.97324287374683,11217
567,3417,14540,19873398,1366.808665749656,40.67957662911967,-73.97854980974483,11217
568,3418,17083,24711757,1446.5700989287595,40.6750207,-73.97111473,11238
569,3419,9521,10020621,1052.4756853271715,40.6792788,-73.98154004,11217
570,3420,8395,7238946,862.2925550923169,40.6802133,-73.98432695,11217
571,3421,3831,9487934,2476.620725659097,40.6843549,-73.98901629,11217
572,3422,11305,16468133,1456.712339672711,40.6859296,-74.00242364,11231
573,3423,49101,99436728,2025.1466976232664,40.66106339097615,-73.97945256156068,11215
574,3424,11553,13506114,1169.056868345884,40.791976,-73.945993,10029
575,3425,14399,30681815,2130.829571498021,40.78921050000001,-73.94370784,10029
576,3426,4,3685400,921350.0,40.70965083364061,-74.06860113143921,07304
577,3429,29020,33318590,1148.1250861474846,40.68506807308177,-73.97790759801863,11243
578,3430,8349,8710390,1043.2854234040003,40.71907891179564,-73.94223690032959,11222
579,3432,1,338,338.0,40.703048421084425,-73.93200427293777,11206
580,3435,72530,80988443,1116.6199227905695,40.71882200490832,-73.9959599735282,10013
581,3436,4273,5281597,1236.0395506669788,40.721319,-74.010065,10013
582,3437,23233,41522290,1787.2117247019326,40.79313480986663,-73.97700369358063,10025
583,3440,22042,33972721,1541.2721622357317,40.69241829257847,-73.98949474096298,11201
584,3441,508,406085,799.3799212598425,40.752957,-74.00264,10001
585,3443,30196,34163796,1131.401377665916,40.76132980940211,-73.97982002496751,10019
586,3452,12068,12215876,1012.2535631421944,40.71915570405714,-73.94885400493867,11222
587,3453,15640,16834906,1076.4006393861894,40.71335223970559,-73.94910341273791,11211
588,3454,13608,18602393,1367.0188859494417,40.7103685423523,-73.94705951213837,11206
589,3456,6365,7157672,1124.5360565593087,40.71638020023216,-73.94821248091122,11211
590,3457,18606,19091477,1026.0924970439644,40.76302594280519,-73.97209525108337,10022
591,3459,2061,1763536,855.6700630761766,40.75763227739443,-73.96930575370789,10022
592,3461,40352,43245245,1071.7001635606662,40.71485150526252,-74.01122331619263,10007
593,3462,5226,5222125,999.258515116724,40.75118387463277,-73.97138714790344,10017
594,3463,24228,22467773,927.3474079577348,40.735366999180776,-73.98797397080219,10003
595,3467,31921,35873517,1123.821841421008,40.72494672359416,-74.00165855884552,10012
596,3469,15120,18285746,1209.3747354497357,40.73181396337254,-73.95995014581945,11222
597,3472,32496,43988123,1353.6473104382078,40.74275383623447,-74.00747357341608,10011
598,3477,6898,21759680,3154.49115685706,40.65539977447831,-74.01062786579132,11232
599,3478,9859,24918331,2527.470433106806,40.65708855626121,-74.00870217137096,11232
600,3479,6617,12262049,1853.1130421641228,40.68512559515416,-74.02535319328308,10004
601,3481,1,3721,3721.0,40.71649,-74.04105,07302
602,3483,1,5976,5976.0,40.71942,-74.05099,07302
603,3486,19729,26967767,1366.9099802321457,40.688417457069576,-73.98451663622212,11201
604,3490,8495,18905801,2225.521012360212,40.79687901424367,-73.93726108699235,10029
605,3491,9685,18119069,1870.8383066597837,40.79747,-73.93504,
606,3492,5556,14360878,2584.751259899208,40.8005385,-73.9419949,10035
607,3493,12986,24747777,1905.727475743108,40.799139,-73.9389152,10035
608,3494,11564,33271804,2877.188170183328,40.797911,-73.9423,10029
609,3495,9691,14578795,1504.3643586833143,40.7945663,-73.9362541,10029
610,3496,16639,25801643,1550.672696676483,40.7923272,-73.9383,10029
611,3497,23267,33277389,1430.239781665019,40.7949879,-73.9333349,10029
612,3498,7845,16506646,2104.09764181007,40.7974772,-73.9311847,10035
613,3499,7295,22857056,3133.2496230294723,40.8006721,-73.93489999999998,10035
614,3500,7500,20448325,2726.443333333333,40.7989445,-73.944846,10029
615,3501,8836,16678797,1887.5958578542327,40.8014866,-73.9442507,10035
616,3502,12847,24164345,1880.9329026231808,40.7954121,-73.9441232,10029
617,3503,8742,17119182,1958.2683596431025,40.80295,-73.942954,10035
618,3504,5948,11885326,1998.2054472091456,40.8029263,-73.9379,10035
619,3505,4091,8775778,2145.142507944268,40.805726,-73.936322,10035
620,3506,7358,17579071,2389.1099483555317,40.80130642242457,-73.93981686081814,10035
621,3507,18302,25720250,1405.324554693476,40.8045555,-73.9396861,10035
622,3508,19479,30432538,1562.3254787206736,40.809725,-73.953149,
623,3509,13441,37223546,2769.403020608586,40.80119381117476,-73.9500738945019,10026
624,3510,11414,18109601,1586.6130190993515,40.8078316,-73.949373,10027
625,3511,8530,16749541,1963.6038686987104,40.802535,-73.9532423,10026
626,3513,9706,10761463,1108.7433546260045,40.774645,-73.923706,11102
627,3514,18600,32055403,1723.4087634408602,40.77669996236559,-73.92763107360216,11102
628,3515,4179,6031181,1443.211533859775,40.774591,-73.918544,11102
629,3516,7217,7994752,1107.7666620479424,40.7699176,-73.9184057,11102
630,3517,4400,7034763,1598.8097727272727,40.7711528,-73.9170074,11102
631,3518,25332,48777695,1925.5366729827888,40.808442,-73.9452087,10027
632,3520,10200,16764998,1643.627254901961,40.804372,-73.951475,10026
633,3521,36307,70147956,1932.0780014873164,40.7987859,-73.9523,10026
634,3522,4731,7587264,1603.733671528218,40.7701477,-73.9120938,11103
635,3523,5444,8514362,1563.9900808229245,40.7729,-73.916142,11105
636,3524,9030,15653427,1733.4913621262458,40.7774552,-73.9225403,11105
637,3525,4164,5717782,1373.1464937560038,40.776165,-73.9153175,11105
638,3526,15169,26154456,1724.204364163755,40.7747878,-73.9125551,11105
639,3527,10832,15531213,1433.8269017725258,40.80698,-73.941747,10035
640,3528,8806,17577210,1996.0492845786964,40.7713937,-73.9077436,11105
641,3529,14615,35009690,2395.462880602121,40.8107922,-73.9430681,10027
642,3530,6101,10733364,1759.2794623832158,40.7787185,-73.9145645,11105
643,3531,9147,25178064,2752.6034765496884,40.8125511,-73.9492286,10027
644,3532,12637,23485562,1858.476062356572,40.78145,-73.9183302,11105
645,3533,21587,47437601,2197.507805623755,40.8114323,-73.9518776,10027
646,3534,31358,44982728,1434.4896995981887,40.805159,-73.954692,10026
647,3535,14182,27768105,1957.982301508955,40.804038,-73.945925,10027
648,3536,11701,18326047,1566.1949406033673,40.8082,-73.9641,10027
649,3537,14185,18755537,1322.209164610504,40.68097409999999,-73.9710097,11238
650,3538,18334,22822594,1244.82349732737,40.802692,-73.96295,10025
651,3539,9047,10375434,1146.8369625290152,40.8067581,-73.9607082,10027
652,3540,11211,19681983,1755.5956649719026,40.81,-73.9551508,10027
653,3541,11154,32698635,2931.5613232920923,40.813358,-73.956461,10027
654,3542,6714,7839159,1167.5840035746205,40.80862495586833,-73.95962130744712,10027
655,3543,3808,5654549,1484.9130777310925,40.81028506306003,-73.95736455917358,10026
656,3544,9994,15881080,1589.0614368621173,40.6804836,-73.9646795,
657,3545,6934,9317404,1343.727141620998,40.8120562,-73.9612547,10027
658,3546,3461,7032973,2032.0638543773475,40.6791944,-73.9587903,11238
659,3547,11009,23066717,2095.2599691161777,40.81432566125896,-73.95902549768371,10027
660,3549,10284,12997003,1263.8081485803189,40.678045,-73.962408,11238
661,3551,8463,18768866,2217.7556422072557,40.795508,-73.941606,10029
662,3552,13806,16875706,1222.345791684775,40.80597300195568,-73.96492800521513,10025
663,3553,27012,48138794,1782.1262401895451,40.801694145046646,-73.95714487283429,10026
664,3554,10238,22074362,2156.12053135378,40.7552433,-73.9485678,11101
665,3555,11346,12449764,1097.282213996122,40.751047,-73.93797,11101
666,3556,599,395478,660.2303839732888,40.7527085,-73.9397405,11101
667,3557,4994,8095453,1621.035843011614,40.757420116139365,-73.94513277312775,11101
668,3558,17881,24959951,1395.892343828645,40.67943883138527,-73.96804379755048,11238
669,3559,1999,2846424,1423.9239619809905,40.7576314,-73.9391224,11101
670,3561,5764,7658873,1328.7427133934768,40.7531106,-73.9279917,11101
671,3562,11663,14370629,1232.1554488553545,40.6765198,-73.9596082,11238
672,3563,5445,9044796,1661.11955922865,40.757186,-73.932719,11106
673,3564,4467,15047178,3368.5198119543315,40.7601853,-73.9362726,11106
674,3565,8338,12783239,1533.1301271288078,40.7614376,-73.9411265,
675,3566,4799,5990313,1248.2419254011252,40.7596276,-73.9321455,11106
676,3567,1427,3135824,2197.4940434477926,40.7627442,-73.9391141,11106
677,3568,6358,7048422,1108.591066373073,40.7569332,-73.9262231,11106
678,3569,10342,15316426,1480.992651324695,40.67583251289886,-73.95616768378456,11238
679,3570,6563,8402681,1280.3109858296511,40.7557327,-73.9236611,11101
680,3571,18599,24634956,1324.5312113554492,40.676368,-73.952918,11216
681,3572,12765,17303332,1355.529338033686,40.756913,-73.921631,11101
682,3573,6765,11323175,1673.7878787878788,40.75805829138211,-73.92427491151516,11106
683,3574,7746,9205967,1188.4801187709786,40.67696940395042,-73.96578989801188,11238
684,3575,7487,7428297,992.159342860959,40.76108,-73.93056200000001,11106
685,3576,15942,24703882,1549.60996110902,40.67670001881822,-73.96902393576715,11238
686,3577,3531,3997472,1132.1076182384593,40.7628138,-73.9342862,11106
687,3578,9154,11796149,1288.6332750710071,40.6741806,-73.9564947,11238
688,3579,12077,19212599,1590.842013745135,40.67269510805664,-73.95413090635091,11216
689,3580,11399,16333731,1432.9091148346347,40.67372364849548,-73.96316089628037,11238
690,3581,13439,21798501,1622.0329637621846,40.6740123,-73.9671457,11238
691,3582,4843,8837138,1824.72393144745,40.6721683,-73.9609,11238
692,3583,11066,22134377,2000.214802096512,40.6716493,-73.9631145,11238
693,3584,15947,30490803,1912.0087163729852,40.67077671400263,-73.95768018276793,11216
694,3585,6345,12829130,2021.9275019700551,40.6691783,-73.9554162,11225
695,3586,3354,4973835,1482.9561717352417,40.7638753,-73.9364848,11106
696,3587,3938,7845910,1992.35906551549,40.6686744,-73.9618148,11225
697,3588,10626,15467368,1455.6152832674572,40.7671863,-73.9373554,11106
698,3589,5970,6006149,1006.055108877722,40.7668,-73.9347774,11106
699,3590,4216,10589847,2511.8232922201137,40.6679411,-73.9588,11225
700,3591,8623,10003451,1160.089412037574,40.7659,-73.930819,11106
701,3592,12323,13613290,1104.7058346181936,40.7633589,-73.9286471,11106
702,3593,15337,17045333,1111.38638586425,40.761584,-73.925921,11106
703,3595,8860,13575512,1532.2248306997742,40.760339,-73.9222427,11106
704,3596,3308,8750612,2645.287787182588,40.6642406,-73.9574686,11225
705,3597,13547,22436857,1656.2232966708495,40.7577284,-73.9166368,11103
706,3598,8445,12062387,1428.3465956187092,40.7595701,-73.9142678,11103
707,3599,21831,56094685,2569.4968164536667,40.66314,-73.9605695,11225
708,3600,10912,17560602,1609.2927052785924,40.7611488,-73.9170071,11103
709,3601,9201,27132737,2948.8900119552222,40.6627059,-73.9569115,11225
710,3602,13974,15959928,1142.1159295835123,40.763154,-73.920827,11103
711,3603,9528,10646853,1117.4278967254409,40.7647,-73.9240312,11106
712,3604,11640,32081593,2756.1506013745707,40.6630619,-73.9538746,11225
713,3605,7904,8282581,1047.8973937246965,40.7658346,-73.9265474,11102
714,3606,3821,5998142,1569.783302800314,40.74252012562156,-73.94885230044491,11101
715,3607,4670,4639785,993.5299785867238,40.7682,-73.9322662,11106
716,3608,4611,6028319,1307.3777922359577,40.7423737,-73.9566,11101
717,3609,9249,11257937,1217.2058600929831,40.76924758136014,-73.93545035130283,11106
718,3610,9204,15574507,1692.1454802259886,40.770845,-73.934171,11102
719,3611,11846,17726770,1496.435083572514,40.7449067,-73.9534573,11101
720,3612,4983,6574338,1319.3534015653222,40.7703743,-73.9286078,11102
721,3613,14217,24600475,1730.356263628051,40.74503806766547,-73.9575391027643,11101
722,3614,8890,12018027,1351.8590551181103,40.768692,-73.9249574,11102
723,3615,9770,12212836,1250.0343909928351,40.748,-73.9460927,11101
724,3616,13330,19559222,1467.3084771192798,40.7656251,-73.9136695,11103
725,3617,10256,13268193,1293.700565522621,40.7671,-73.9169858,11103
726,3618,13463,17695817,1314.4036990269628,40.7485,-73.941275,11101
727,3619,8731,12448394,1425.769556751804,40.7713615,-73.9246145,11102
728,3620,3977,5187769,1304.442796077445,40.7519071,-73.9479119,11101
729,3621,5292,7509614,1419.0502645502645,40.7739825,-73.9309134,11102
730,3622,5740,15395495,2682.141986062718,40.80756025087109,-73.93918179407666,10035
731,3623,9728,15020546,1544.0528371710527,40.8109494,-73.9634,10115
732,3628,19024,28976680,1523.164423885618,40.8025566,-73.9490782,10026
733,3629,15755,35052124,2224.8253887654714,40.80949531633881,-73.94776488455751,10027
734,3630,20007,28008655,1399.942770030489,40.803865356745135,-73.9559308034588,10026
735,3635,7376,13301177,1803.3049078091103,40.75462324029105,-73.99516761302948,10018
736,3637,16257,21554254,1325.8444977548131,40.68323865460341,-73.96599590778351,11238
737,3638,17,95356,5609.176470588235,40.7242941,-74.0354826,07310
738,3639,8,31621,3952.625,40.7192517,-74.034234,07311
739,3641,73434,71120264,968.4923060162868,40.74286877312112,-73.98918628692627,10010
740,3646,4427,5929479,1339.3898802800993,40.76315481910373,-73.93985509872437,11106
741,3647,3318,5351655,1612.9159132007233,40.74128309355993,-73.93725872039794,11101
742,3648,16853,19655882,1166.3135346822523,40.69795031569544,-73.97077560424805,11205
743,3649,5415,16344442,3018.3641735918745,40.814394437915816,-73.95324736833572,10027
744,3654,5242,6563408,1252.0808851583363,40.75186951421875,-73.93349289894103,11101
745,3656,47223,47142986,998.3056137898906,40.72307744505258,-73.98583621480364,10009
746,3658,14885,24471882,1644.0632851864293,40.7435337324616,-74.00367558002472,10011
747,3661,2880,5157015,1790.6302083333333,40.666439306870814,-73.9605563879013,11225
748,3662,476,453712,953.1764705882352,40.761293897289086,-73.916916847229,11103
749,3664,43179,53618955,1241.7831584798166,40.72019521437465,-74.0103006362915,10013
750,3668,15573,15252837,979.4411481410132,40.7239569189728,-73.94984366517608,11222
751,3671,26563,29171426,1098.1977186311788,40.77477944895728,-73.95427465438843,10028
752,3673,15898,21133689,1329.330041514656,40.67759206937376,-73.955637216568,11238
753,3674,24255,39284370,1619.640074211503,40.70140317257725,-73.98672670125961,11201
754,3676,11798,20989367,1779.0614510934056,40.6758329439129,-74.01472628116608,11231
755,3677,4,223558,55889.5,40.72755146730012,-74.07106071710587,07306
756,3679,1,1994,1994.0,40.722103786686034,-74.07145500183105,
757,3680,21614,18203667,842.2164800592209,40.75412089213294,-73.98025182539344,10017
758,3681,3,9617,3205.6666666666665,40.71517767732029,-74.03768330812454,07302
759,3686,42502,42946596,1010.460590089878,40.73944820130404,-74.00507032871246,10014
760,3687,74772,68509665,916.2475926817524,40.7432268052215,-73.97449781983416,10016
761,3689,13572,22809723,1680.64566755084,40.79904139288298,-73.96649479866028,10025
762,3690,16802,19953053,1187.5403523390073,40.71334182241371,-74.00935519599265,10007
763,3691,5401,10308894,1908.7009812997596,40.76408932350688,-73.91065120697021,11103
764,3692,384,256938,669.109375,40.6999974843885,-73.97440128028393,11251
765,3693,10414,15224328,1461.9097368926446,40.72248188638219,-73.95921930670738,11249
766,3697,31744,34461689,1085.6126827116937,40.77515953434235,-73.98918695747852,10069
767,3699,39925,48436666,1213.1913838447088,40.76360468786025,-73.98917957690577,10019
768,3704,1611,2033635,1262.3432650527625,40.743752409978406,-73.94176483154297,11101
769,3705,399,427110,1070.451127819549,40.72840059450829,-73.99968780577183,10012
770,3707,52953,51224774,967.3630200366364,40.74145897244727,-73.9832929944668,10016
771,3708,34159,29378269,860.044761263503,40.735445,-73.99431,10011
772,3709,45600,39957948,876.2707894736842,40.738046142482766,-73.99642959237099,10011
773,3711,84600,85869645,1015.0076241134752,40.72966732543584,-73.9806796449679,10009
774,3712,26668,33810507,1267.8306209689515,40.754691750226016,-73.99740189313889,10001
775,3714,9599,22513406,2345.3907698718617,40.70684203101325,-73.9544353965357,11211
776,3715,25044,30535077,1219.2571873502636,40.71816972769594,-73.95520138949264,11211
777,3716,4167,4504848,1081.0770338372931,40.7535992020056,-73.93795609474182,11101
778,3718,34245,38142378,1113.8086727989487,40.72746420692392,-73.97950418293476,10009
779,3720,342,232519,679.8801169590644,40.68461653897949,-73.98721285164356,11217
780,3721,16264,20240857,1244.518999016232,40.7675487799971,-73.9209334552288,11102
781,3723,11765,19048772,1619.1051423714407,40.69531725070111,-73.99015714822616,11201
782,3724,49687,75249008,1514.4606838810955,40.76674056428101,-73.9790690132595,10019
783,3725,45233,45650170,1009.2226913978732,40.7687620293096,-73.95840793848038,10021
784,3726,20463,32106687,1569.0117284855594,40.74336608027021,-73.95960688591003,11101
785,3727,7915,9078047,1146.942135186355,40.71766197083994,-73.94880026578903,11211
786,3728,9810,11192791,1140.9572884811416,40.69535693320225,-73.99344027042389,11201
787,3731,16807,19787789,1177.354019158684,40.758397,-73.98255,10036
788,3733,25234,30496281,1208.539312039312,40.730563,-73.973984,10009
789,3734,25629,30534681,1191.4113309141987,40.759124956104415,-73.96265797432596,10022
790,3735,42101,55725755,1323.6206978456569,40.752694,-74.002353,10001
791,3736,7510,12686765,1689.3162450066577,40.727243,-73.976831,10009
792,3737,32470,38263077,1178.413212195873,40.720747,-73.986274,10002
793,3738,18295,26111388,1427.2417600437277,40.719383,-73.991479,10002
794,3739,22683,25333062,1116.8303134506018,40.735918,-74.000939,10014
795,3740,26937,33817578,1255.4322307606635,40.726378,-74.000472,10012
796,3744,40988,40683794,992.5781692202596,40.725864,-73.986389,10009
797,3745,10599,11157878,1052.7293140862346,40.75651272984955,-73.92957486212252,11106
798,3746,46500,52268937,1124.0631612903226,40.72430833647697,-74.0047303430132,10013
799,3749,30087,32137357,1068.147605278027,40.7475739589548,-73.9788007736206,10016
800,3755,13571,26459696,1949.723380738339,40.69064807082943,-73.95746178925037,11205
801,3756,6944,12263354,1766.0360023041474,40.704508,-73.9351,11206
802,3757,3830,7458872,1947.4861618798957,40.710681,-73.93372,11237
803,3758,6406,10225517,1596.240555729004,40.702997,-73.92997,11237
804,3759,7158,11961303,1671.0398155909472,40.70537980720872,-73.92535009080748,11237
805,3760,6000,9221189,1536.8648333333333,40.705614,-73.92153,11237
806,3761,4625,5975755,1292.055135135135,40.697842,-73.926241,11221
807,3762,5236,6311445,1205.394385026738,40.677027,-73.9865,11215
808,3763,6364,8475294,1331.7558139534883,40.70716497407292,-73.92371088827781,11237
809,3764,3696,5713409,1545.8357683982683,40.70551699999999,-73.93936,11206
810,3765,3213,9734667,3029.7749766573297,40.709897,-73.94008,11206
811,3766,10195,12915337,1266.8305051495831,40.715353,-73.93856,11211
812,3767,4640,5554002,1196.9831896551725,40.71323,-73.93894,
813,3768,4741,6309346,1330.8048934823876,40.71019,-73.93734,11206
814,3769,1721,2073881,1205.0441603718768,40.70717400000001,-73.93581,11206
815,3770,4694,11703063,2493.19620792501,40.702831,-73.9333,11206
816,3771,8548,11494907,1344.7481282171268,40.70623708926065,-73.93387113207767,11206
817,3772,4912,5220141,1062.7322882736155,40.713811,-73.93515,11211
818,3773,7484,11529252,1540.5200427578834,40.70539,-73.92976,11237
819,3774,7122,17047786,2393.6795843864084,40.704425,-73.92836,11237
820,3775,13417,26287357,1959.2574345978985,40.702013,-73.923769,11237
821,3776,5721,10594474,1851.8570180038453,40.700003,-73.92834,11221
822,3777,7374,10789073,1463.12354217521,40.699304,-73.923044,11237
823,3778,6130,10475097,1708.8249592169657,40.7027,-73.92095,11237
824,3779,2833,6650442,2347.490998941052,40.704876,-73.919911,11237
825,3780,7022,13184902,1877.6562232982053,40.70354506479635,-73.9177748896326,11237
826,3781,5280,8264566,1565.258712121212,40.698568,-73.918877,11237
827,3782,21385,44480616,2079.9913958382044,40.698458,-73.997178,11201
828,3783,30992,40170754,1296.1652684563758,40.708380000000005,-74.00495,10038
829,3785,32401,38050726,1174.3688775037808,40.754920002469056,-73.9845500447517,10036
830,3786,23543,24066938,1022.2545130187316,40.714193,-73.996732,10002
831,3787,7217,6380066,884.0329776915615,40.69985015934599,-73.97140994318968,11251
832,3788,624,336311,538.9599358974359,40.73269,-73.98974,10003
833,3789,9821,13914340,1416.7946237654007,40.68186,-73.959432,11238
834,3790,11215,17005549,1516.321801159162,40.7003,-73.991581,11201
835,3791,14,106132,7580.857142857143,40.73520838045357,-74.04696375131607,07310
836,3792,9,71692,7965.777777777777,40.71687,-74.03281,07302
837,3793,4768,5683980,1192.109899328859,40.732339777151054,-73.97898383438587,10009
838,3795,3444,6241661,1812.3289779326365,40.671907,-73.993612,11215
839,3798,30994,32854891,1060.0403626508355,40.752268991320896,-73.98207902971542,10018
840,3799,50786,55184770,1086.6138305832317,40.74964,-73.98805,10001
841,3803,5522,12538375,2270.622057225643,40.665816,-73.956934,11225
842,3804,20004,27273553,1363.4049690061988,40.702461,-73.986842,11201
843,3808,6478,7676313,1184.9819388700216,40.752474,-73.939991,11101
844,3809,39360,43253778,1098.927286585366,40.763189,-73.978434,10019
845,3810,812,801382,986.923645320197,40.782593,-73.971211,10024
846,3811,3447,9898378,2871.59210908036,40.77485,-73.9342,11102
847,3812,73521,65785993,894.7918689898124,40.73481398892833,-73.99208499884386,10003
848,3813,11945,11453407,958.8452909167016,40.745686,-74.005141,10011
849,3814,15642,15871754,1014.6882751566296,40.761573,-73.972628,10022
850,3815,30668,33053909,1077.7979979131342,40.755293,-73.967641,10022
851,3816,1049,2219498,2115.822688274547,40.71429,-73.93323,11211
852,3817,4478,9659524,2157.1067440821794,40.71773,-73.94051,11211
853,3818,6550,8454436,1290.7535877862597,40.72984017709924,-73.94838978778625,11222
854,3819,3838,6518229,1698.3400208441897,40.73396,-73.95204,11222
855,3820,8193,11229680,1370.6432320273404,40.69757,-73.93098,11221
856,3821,6262,14704242,2348.1702331523475,40.7010599904184,-73.9331798115618,11206
857,3822,4844,7908679,1632.6752683732452,40.70076,-73.93641,11206
858,3823,8002,15056588,1881.6030992251935,40.70098999999999,-73.93921,11206
859,3824,4305,25978493,6034.493147502903,40.6786,-73.90369,11207
860,3825,1942,6808529,3505.93666323378,40.68139,-73.90756,11207
861,3826,2142,4620197,2156.954715219421,40.68458,-73.90925,11207
862,3827,6295,25943695,4121.317712470214,40.68565005559969,-73.91564021604447,11233
863,3828,2651,7512558,2833.858166729536,40.68652,-73.91321,11207
864,3829,2465,4772580,1936.1379310344828,40.6882,-73.90798,11207
865,3830,2319,6855004,2956.017248814144,40.68858,-73.91227,11207
866,3831,5388,17365471,3222.9901633259096,40.68663,-73.9168,11221
867,3832,4036,7116735,1763.313924677899,40.69055,-73.91181,11221
868,3833,1909,4490929,2352.503404924044,40.69122,-73.91693,11221
869,3834,3752,6961141,1855.3147654584225,40.69467,-73.90663,11237
870,3835,3153,5134528,1628.4579765302883,40.69385,-73.90974,11221
871,3836,4621,6848011,1481.9326985500977,40.69146,-73.92146,11221
872,3837,6867,12010494,1749.016164263871,40.69329,-73.92852,11221
873,3838,5351,8326730,1556.1072696692206,40.69356,-73.92524,11221
874,3839,3227,9451079,2928.750852184692,40.69545,-73.91164,11237
875,3840,3755,6278877,1672.1376830892143,40.69811,-73.90904,11237
876,3841,2891,12171113,4210.001037703217,40.69543,-73.9196,11221
877,3842,4591,6728147,1465.507950337617,40.69502,-73.92825,11221
878,3843,2697,4021897,1491.2484241750092,40.69905,-73.91516,11237
879,3844,4451,8070169,1813.11368231858,40.69943,-73.91337,11237
880,3845,6196,11405137,1840.7257908327956,40.70108,-73.9179,11237
881,3846,4235,5753244,1358.499173553719,40.69676,-73.92302,11221
882,3847,2844,4257942,1497.1666666666667,40.69671,-73.92807,11221
883,3848,7597,11154295,1468.2499670922732,40.69544,-73.93223,11221
884,3849,2229,3487872,1564.7698519515477,40.70636,-73.91945,11237
885,3850,4097,6449257,1574.1413229192092,40.70907045399072,-73.92157069807176,11237
886,3851,1294,1796373,1388.2326120556413,40.71401,-73.92793,11237
887,3852,1927,2820626,1463.7394914374677,40.70869,-73.92587,11237
888,3853,3059,3427744,1120.543968617195,40.70686,-73.92851,11237
889,3854,3686,6814454,1848.73955507325,40.716657,-73.93637,11211
890,3855,2445,4323320,1768.2290388548058,40.71882,-73.93948,11222
891,3856,10549,11765087,1115.2798369513698,40.72577,-73.94173,11222
892,3857,5253,5626537,1071.1092708928231,40.72158,-73.94546,11222
893,3858,4492,6597950,1468.8223508459484,40.73124,-73.95161,11222
894,3859,8542,9985504,1168.9889955513931,40.72795,-73.95414,11222
895,3860,5948,12136366,2040.41123066577,40.70166,-73.92754,11237
896,3861,3084,4549954,1475.3417639429313,40.70113,-73.91422,11237
897,3862,1953,3112687,1593.7977470558117,40.69714,-73.91566,11221
898,3863,3727,4895106,1313.4172256506574,40.69295999999999,-73.91605,11221
899,3864,2222,5129657,2308.576507650765,40.68929,-73.90951,11207
900,3865,2888,5584591,1933.722645429363,40.69081,-73.90448,11207
901,3866,2661,6182343,2323.315670800451,40.68906,-73.90506,11207
902,3867,1170,3575696,3056.1504273504274,40.67945,-73.90474,11207
903,3868,3088,5685552,1841.176165803109,40.693,-73.90824,11207
904,3869,4649,7743387,1665.6027102602711,40.692,-73.92617,11221
905,3870,8530,11588605,1358.5703399765534,40.697481,-73.935877,11206
906,3871,1627,4260656,2618.719114935464,40.68281,-73.90623,11207
907,3872,1710,2052818,1200.4783625730995,40.6972,-73.90674,11237
908,3873,2573,3878337,1507.3210260396424,40.70068,-73.90742,11385
909,3874,2784,4477665,1608.3566810344828,40.70461,-73.91054,11385
910,3875,903,1517391,1680.3887043189368,40.6988,-73.9007,
911,3876,4735,15835353,3344.319535374868,40.69921974234424,-73.8979502217529,
912,3877,3750,10134040,2702.4106666666667,40.70555,-73.90245,11385
913,3878,1417,2749854,1940.6167960479888,40.69812,-73.90271,11385
914,3879,7242,16572590,2288.399613366473,40.68822,-73.91966,11221
915,3880,1811,2736824,1511.2225289895086,40.709800220872445,-73.91726970182219,11385
916,3881,35602,76872111,2159.207656873209,40.818299,-73.960405,10027
917,3882,4007,7897423,1970.9066633391565,40.69517,-73.90311,11385
918,3883,1876,2788420,1486.36460554371,40.70577,-73.91292,11385
919,3884,1838,4262834,2319.278563656148,40.69969,-73.9022,11385
920,3885,2209,3304033,1495.7143503847894,40.70413,-73.90737,11385
921,3886,1909,2847871,1491.8129910948142,40.70553000000001,-73.9096,11385
922,3887,3008,4096379,1361.828125,40.71246017952128,-73.91873042220745,11385
923,3888,2021,3661777,1811.8639287481444,40.70793,-73.91092,11385
924,3890,8578,18534812,2160.7381674049893,40.69047,-73.923511,11221
925,3891,3578,4680029,1308.001397428731,40.69799999999999,-73.9127,11237
926,3892,6996,8215594,1174.3273299028017,40.75473000000001,-73.93367,11101
927,3893,6241,11815764,1893.2485178657264,40.683199849700415,-73.9116663163009,11233
928,3894,7465,7763547,1039.9929002009378,40.740983,-74.001702,10011
929,3895,1717,4773040,2779.871869539895,40.70157340873792,-73.90876293182373,11385
930,3896,2562,3860427,1506.8021077283372,40.70183,-73.90625,11385
931,3897,1864,3237125,1736.655042918455,40.70863,-73.91497,11385
932,3898,17160,19845778,1156.5138694638697,40.763954,-73.9646,10065
933,3899,5641,6866912,1217.3217514625069,40.72084,-73.94844,
934,3900,5171,6961761,1346.3084509766002,40.72226,-73.93889,11222
935,3901,2223,4044335,1819.313990103464,40.70998,-73.91116,11385
936,3902,1898,7001429,3688.845626975764,40.70694,-73.90632,11385
937,3903,3530,8835222,2502.8957507082155,40.68989,-73.91458,11221
938,3905,34746,34720468,999.265181603638,40.732647,-73.99011,10003
939,3906,63958,93237021,1457.7851246130274,40.711444,-74.014847,10281
940,3907,4172,7138535,1711.0582454458292,40.70112,-73.93039,11206
941,3908,603,798358,1323.9767827529022,40.70463,-74.01507,10004
942,3909,3001,7877169,2624.8480506497835,40.70407997334222,-73.90408030656448,11385
943,3910,2413,5621145,2329.525486945711,40.709697,-73.907856,11385
944,3911,8418,15632655,1857.0509622238064,40.683426,-73.984275,11217
945,3912,3,2827,942.3333333333334,40.7903,-73.9597,10029
946,3913,10527,13583852,1290.3820651657643,40.699569,-73.979827,11201
947,3914,10933,13731654,1255.9822555565718,40.783786,-73.981687,10024
948,3916,24596,36551611,1486.0794844690197,40.708485,-74.002751,10038
949,3917,5340,7977915,1493.991573033708,40.69178,-73.97877,11201
950,3918,19734,33696521,1707.5362825580216,40.72387,-73.975767,10009
951,3919,29846,49864495,1670.7262279702472,40.70437,-74.00637,10005
952,3920,5701,17152897,3008.7523241536574,40.810224,-73.937195,10037
953,3921,2961,5627449,1900.5231340763253,40.805701,-73.925177,10454
954,3922,1363,1865941,1368.995597945708,40.807466,-73.927107,10454
955,3923,1933,4488989,2322.291257113296,40.808484,-73.928803,10454
956,3924,3314,12454450,3758.132166566084,40.810893,-73.927311,10454
957,3925,975,4735060,4856.471794871795,40.812304,-73.929153,10451
958,3926,5268,11523218,2187.3990129081244,40.81014,-73.93973,10037
959,3927,5516,10192505,1847.8072878897751,40.81296,-73.941878,10037
960,3928,6043,8073720,1336.045010756247,40.813539,-73.94521,10027
961,3929,2610,9831621,3766.904597701149,40.81093,-73.921606,10454
962,3930,1296,10523281,8119.815586419753,40.81273329861112,-73.92369538657408,10454
963,3931,1742,9908735,5688.137198622273,40.814469,-73.924963,10451
964,3932,4092,12909041,3154.702101661779,40.816576,-73.927987,10451
965,3933,1060,3757439,3544.753773584905,40.817755,-73.92965,10451
966,3934,7350,14025012,1908.164897959184,40.816234,-73.948222,10030
967,3935,3008,10642399,3538.0315824468084,40.816355,-73.954295,10027
968,3936,7925,18100818,2284.0148895899056,40.820003,-73.959089,10027
969,3937,1213,5839305,4813.936521022259,40.805089,-73.918889,10454
970,3938,297,1191127,4010.5286195286194,40.80262,-73.9174,10454
971,3939,3830,8943613,2335.146997389034,40.800933,-73.913863,10454
972,3940,789,1868707,2368.449936628644,40.800425,-73.911034,10454
973,3941,580,1310121,2258.829310344828,40.801657,-73.909513,10454
974,3942,3438,7089241,2062.0247236765563,40.8190344,-73.956156,10031
975,3944,2023,3051211,1508.2605042016808,40.818215,-73.950988,10031
976,3945,3321,8572601,2581.3312255344777,40.819746,-73.951819,10031
977,3946,8680,18618757,2145.018087557604,40.818477,-73.947568,10030
978,3947,773,1395551,1805.369987063389,40.804168,-73.911545,10454
979,3948,869,2711557,3120.318757192175,40.80555900000001,-73.914718,10454
980,3949,2238,10824324,4836.605898123325,40.807408,-73.91924,10454
981,3950,908,2471637,2722.06718061674,40.809619,-73.91787500000001,10454
982,3951,1427,5004385,3506.927119831815,40.808633,-73.916124,10454
983,3952,804,3332794,4145.266169154229,40.80689600000001,-73.911837,10454
984,3953,3424,15213824,4443.289719626168,40.82281,-73.937413,10039
985,3954,70,723396,10334.228571428572,40.80724002857143,-73.90799901428572,10454
986,3955,1681,7568809,4502.563355145747,40.808891,-73.91081,10454
987,3956,1301,5070178,3897.1391237509606,40.81111404765565,-73.91492985088392,10454
988,3957,998,3631547,3638.824649298597,40.811675,-73.917037,10454
989,3958,1175,7170673,6102.700425531915,40.812299,-73.92037,10454
990,3959,6211,13709825,2207.3458380293027,40.823498,-73.94386,10030
991,3960,2014,3073064,1525.8510427010924,40.822756,-73.951346,10031
992,3961,2851,15328550,5376.552086987022,40.820036,-73.921411,10451
993,3963,3598,11577033,3217.630072262368,40.81682732601446,-73.91733790605892,10455
994,3964,980,5194332,5300.338775510204,40.814383,-73.915368,10455
995,3965,1273,5745402,4513.2772977219165,40.81404674941084,-73.91185932443048,10455
996,3966,992,5068150,5109.022177419355,40.811314,-73.907729,10455
997,3967,5156,8918295,1729.692591155935,40.826969,-73.949738,10031
998,3968,2100,7685442,3659.7342857142858,40.814232,-73.903927,10455
999,3969,747,1489501,1993.977242302544,40.815887,-73.911918,
1000,3970,769,4762217,6192.739921976593,40.819609,-73.916071,10455
1001,3972,637,4775890,7497.472527472528,40.822215,-73.914688,10451
1002,3973,2738,3514832,1283.7224251278303,40.827212,-73.942722,10031
1003,3975,1024,3212514,3137.220703125,40.820713,-73.911759,
1004,3976,1370,5780081,4219.037226277373,40.819823,-73.912411,10455
1005,3977,1327,6711671,5057.777694046722,40.81899,-73.90202,10455
1006,3978,947,6695960,7070.707497360085,40.82188,-73.907521,10456
1007,3980,1621,2298098,1417.7038864898211,40.829523,-73.944279,10031
1008,3981,1136,2338250,2058.318661971831,40.830476,-73.939929,10032
1009,3982,686,6240647,9097.15306122449,40.817166,-73.914737,10455
1010,3983,621,2001955,3223.7600644122385,40.817802,-73.905203,10455
1011,3984,1604,2802311,1747.076683291771,40.824013,-73.954743,10031
1012,3985,556,1128473,2029.6276978417263,40.820302,-73.903944,10456
1013,3986,4843,20991306,4334.360107371464,40.81734,-73.922962,10451
1014,3987,2493,18429024,7392.308062575211,40.813135,-73.909235,10455
1015,3988,995,3309328,3325.957788944724,40.805631,-73.934077,10035
1016,3989,3166,13352504,4217.468098547062,40.80838419456728,-73.923603809223,10454
1017,3992,20542,55353939,2694.6713562457403,40.8428422,-73.9421253,10032
1018,3993,11308,18470794,1633.4271312345245,40.771771,-73.990625,10023
1019,3994,6958,13222564,1900.3397528025296,40.802554,-73.933509,10035
1020,3995,4332,9490670,2190.8287165281627,40.812191,-73.937838,10037
1021,3996,2882,11531232,4001.121443442054,40.806414,-73.936085,10035
1022,3997,6805,15054939,2212.334900808229,40.815484,-73.935856,10037
1023,3998,7546,10466128,1386.976941425921,40.813619,-73.939336,10037
1024,3999,7818,12642662,1617.1222819135328,40.81695971032464,-73.9422959089279,10030
1025,4000,5553,16352637,2944.829281469476,40.819783,-73.936521,10037
1026,4001,1557,9540735,6127.639691714836,40.821111,-73.935971,10039
1027,4002,4695,15964063,3400.2264110756123,40.820877,-73.939249,10030
1028,4004,9411,20199806,2146.4037828073533,40.820681,-73.945144,10030
1029,4005,1314,1887086,1436.1385083713851,40.821294,-73.947868,10031
1030,4006,1447,6789766,4692.305459571528,40.814673,-73.91839,10455
1031,4007,7508,17773185,2367.232951518381,40.823168,-73.955857,10031
1032,4009,7804,24588014,3150.6937467965145,40.827305,-73.951989,10031
1033,4010,3948,10300485,2609.038753799392,40.825244,-73.947257,10031
1034,4011,1966,13958557,7099.978128179044,40.816124,-73.908116,10455
1035,4012,3304,5083467,1538.5796004842614,40.827075,-73.945909,10031
1036,4013,769,1156884,1504.400520156047,40.82831,-73.942924,
1037,4014,4719,11469202,2430.430599703327,40.829114,-73.950426,10031
1038,4015,1691,4594531,2717.049674748669,40.82923,-73.936996,10039
1039,4016,5080,13591684,2675.528346456693,40.812346,-73.946168,
1040,4017,4550,15098788,3318.414945054945,40.81449,-73.936153,10037
1041,4018,2965,5622624,1896.3318718381115,40.817555,-73.957163,10027
1042,4019,1188,2327237,1958.953703703704,40.803399,-73.919763,10454
1043,4020,8017,22619671,2821.463265560684,40.825125,-73.941616,10039
1044,4021,913,5926675,6491.429353778752,40.813224,-73.93060500000001,10451
1045,4023,5640,19159287,3397.03670212766,40.819241,-73.941057,10030
1046,4024,2058,13917025,6762.402818270165,40.826406,-73.937948,10039
1047,4025,1063,1579259,1485.662276575729,40.826881,-73.941427,10031
1048,4027,1655,2001905,1209.610271903323,40.830663,-73.941323,10032
1049,4028,973,6704242,6890.279547790339,40.830702,-73.936371,10039
1050,4029,1384,3672716,2653.6965317919075,40.816402,-73.919549,10451
1051,4030,533,3767506,7068.491557223265,40.822267,-73.916792,10451
1052,4031,356,1651715,4639.648876404494,40.81989,-73.908351,10456
1053,4032,622,3603271,5793.040192926045,40.82057,-73.917579,10451
1054,4034,1796,4056355,2258.549554565702,40.821728,-73.952761,10031
1055,4035,2227,7847990,3524.018859452178,40.831327,-73.946665,10031
1056,4036,13222,22122845,1673.184465285131,40.7639089,-73.9477213,10044
1057,4037,12228,23619745,1931.6114654890416,40.757284,-73.9536,10044
1058,4038,5564,11387249,2046.5939971243708,40.75370225419114,-73.95865201950072,10044
1059,4040,11867,11540722,972.5054352405832,40.742684734875695,-73.98671329021454,10010
1060,4041,1540,7467665,4849.133116883117,40.825289,-73.936232,10039
1061,4043,17497,20917060,1195.465508372864,40.782535857724106,-73.97908508777618,10024
1062,4044,33973,44110589,1298.4013481293969,40.75461,-73.99177,10018
1063,4045,23137,28990133,1252.9771794096037,40.77237,-73.99005,10023
1064,4047,1184,1988406,1679.3969594594594,40.832081,-73.942386,10032
1065,4048,1214,1808778,1489.9324546952223,40.832314,-73.94102,10032
1066,4050,419,6188732,14770.243436754175,40.833303,-73.939326,10032
1067,4051,1646,3167889,1924.5984204131228,40.83446800000001,-73.939865,10032
1068,4052,1359,3906184,2874.307579102281,40.83618,-73.939789,10032
1069,4053,351,1344228,3829.709401709402,40.835798,-73.937496,10032
1070,4054,1195,2075247,1736.6083682008368,40.839278,-73.945446,10032
1071,4055,2619,4096319,1564.077510500191,40.84004,-73.942939,10032
1072,4056,2163,4744416,2193.4424410540914,40.839137,-73.941409,10032
1073,4057,1308,1844858,1410.4418960244648,40.839443,-73.937044,10032
1074,4058,9964,11592752,1163.4636692091528,40.75863,-73.97513,10022
1075,4059,1435,1891240,1317.9372822299651,40.842941,-73.938631,10032
1076,4060,1190,3605634,3029.944537815126,40.842173,-73.935111,10032
1077,4061,2755,5125069,1860.2791288566243,40.84522,-73.940493,10032
1078,4062,873,1838385,2105.824742268041,40.844044,-73.933651,10033
1079,4063,1176,2344331,1993.4787414965983,40.846052,-73.937648,10033
1080,4064,243,1656900,6818.518518518518,40.807347437082,-73.90809774398804,10454
1081,4065,2005,3634973,1812.954114713217,40.848467,-73.936064,10033
1082,4066,743,1399708,1883.8600269179003,40.847305,-73.933291,10033
1083,4067,796,2759758,3467.032663316583,40.847396,-73.931205,
1084,4068,4581,9764357,2131.490285963763,40.852252,-73.937854,10033
1085,4069,1534,3840230,2503.4093872229464,40.848282,-73.941343,10033
1086,4070,3063,7256836,2369.192295135488,40.849972,-73.938423,10033
1087,4071,3814,9445539,2476.544048243314,40.835775,-73.9434,10032
1088,4072,8196,8575050,1046.2481698389458,40.75793646243674,-73.97960275411606,10036
1089,4073,8204,8504153,1036.5861774744028,40.75969995906254,-73.97808194160461,10020
1090,4074,805,1408876,1750.1565217391303,40.838191,-73.936085,10032
1091,4075,20366,26430099,1297.7560149268388,40.78476,-73.969862,10024
1092,4076,1774,3230944,1821.2762119503943,40.820089,-73.928947,10451
1093,4078,676,843476,1247.7455621301774,40.823732,-73.919379,10451
1094,4079,1770,3727684,2106.03615819209,40.828847,-73.91769,10456
1095,4080,355,439160,1237.0704225352113,40.831444,-73.926226,10452
1096,4081,682,2256424,3308.539589442815,40.83173,-73.922394,10452
1097,4082,658,5151877,7829.600303951368,40.833909,-73.92112,10452
1098,4083,801,2616375,3266.385767790262,40.83649,-73.918316,10452
1099,4084,839,4468114,5325.523241954708,40.835334,-73.9154,10456
1100,4085,1534,5414511,3529.668187744459,40.839549,-73.913004,10456
1101,4086,610,4782244,7839.744262295082,40.840536,-73.919228,10452
1102,4087,871,3075534,3531.0378874856488,40.84206999999999,-73.926075,10452
1103,4088,1272,6000331,4717.2413522012575,40.843965,-73.920999,10452
1104,4090,591,832228,1408.1692047377326,40.823429,-73.924689,10451
1105,4091,122,150202,1231.1639344262296,40.829797,-73.931015,10452
1106,4092,563,1574048,2795.822380106572,40.830179,-73.928747,10452
1107,4093,1615,3374150,2089.2569659442725,40.827115,-73.92272,10451
1108,4094,1150,3114213,2708.011304347826,40.825716,-73.915585,10451
1109,4095,178,1106940,6218.76404494382,40.83263,-73.925101,10452
1110,4096,1596,6369275,3990.7738095238096,40.834263,-73.917641,10456
1111,4098,727,3341722,4596.591471801926,40.839312,-73.922423,10452
1112,4099,1549,14393756,9292.289218850872,40.834015,-73.908863,10456
1113,4101,458,504231,1100.9410480349345,40.826677,-73.929327,10451
1114,4102,999,2915693,2918.611611611612,40.829608,-73.921461,10452
1115,4103,929,1675549,1803.604951560818,40.834457,-73.928381,10452
1116,4104,434,4886046,11258.170506912442,40.818212,-73.955277,10027
1117,4105,510,594212,1165.1215686274509,40.823162,-73.923267,10451
1118,4106,858,2365110,2756.538461538461,40.832812,-73.929372,10452
1119,4107,224,906128,4045.214285714286,40.837213,-73.90834499999998,10456
1120,4108,764,4060772,5315.146596858639,40.843264,-73.904867,
1121,4109,1633,5362004,3283.529699938763,40.84925,-73.93022,10033
1122,4110,7303,13990121,1915.6676708202108,40.72506551015475,-73.97515833377838,10009
1123,4112,2246,3586581,1596.8748886910062,40.78294,-73.93077,10035
1124,4113,1131,2812198,2486.470380194518,40.79346,-73.92389,10035
1125,4114,850,2113555,2486.535294117647,40.79558,-73.91906,10035
1126,4115,644,1100091,1708.2158385093169,40.80046,-73.92404,10035
1127,4116,675,3034076,4494.927407407407,40.830262,-73.923391,10452
1128,4117,4901,10162601,2073.577025096919,40.66407983678161,-73.96025128666679,11225
1129,4118,2624,3320395,1265.3944359756097,40.70858894240581,-74.00935482235809,10005
1130,4120,17841,21181612,1187.243540160305,40.7494985460252,-73.97729203113158,10016
1131,4121,21406,20476831,956.5930580211156,40.74714,-73.97113,10016
1132,4122,18845,27089541,1437.4922260546564,40.79249519495111,-73.96417066463071,10025
1133,4123,9003,12649203,1404.998667110963,40.79603684159984,-73.96158903853575,10025
1134,4124,13432,20977566,1561.7604228707564,40.78866499127885,-73.96680057048798,10025
1135,4125,3429,9547303,2784.2820064158645,40.827883,-73.927111,10451
1136,4126,862,1986804,2304.877030162413,40.82573699999999,-73.927311,10451
1137,4127,411,724585,1762.9805352798053,40.839142,-73.925961,10452
1138,4128,650,4177524,6426.96,40.837576,-73.910489,10456
1139,4129,208,2611885,12557.139423076924,40.832057,-73.927421,10452
1140,4130,1032,1801680,1745.813953488372,40.831584,-73.9149,10456
1141,4131,1026,5066545,4938.153021442495,40.844075,-73.917256,10452
1142,4132,551,1709562,3102.6533575317603,40.812769,-73.901583,10455
1143,4133,370,1743904,4713.254054054054,40.815077,-73.899939,10455
1144,4134,741,2148481,2899.434547908232,40.816343,-73.896447,10459
1145,4135,954,3085844,3234.6373165618447,40.819701,-73.901311,10459
1146,4136,405,3596030,8879.086419753086,40.82399999999999,-73.91089,10451
1147,4137,603,3709661,6152.008291873964,40.823872,-73.908699,10451
1148,4138,581,2405681,4140.586919104992,40.82696,-73.907451,10456
1149,4139,597,2452853,4108.631490787269,40.824796,-73.90242,10456
1150,4140,394,798515,2026.6878172588836,40.822545,-73.901824,10459
1151,4141,422,1910469,4527.177725118483,40.818185,-73.894143,10459
1152,4142,44,61179,1390.4318181818182,40.816126,-73.891559,10474
1153,4143,133,217467,1635.0902255639098,40.813991,-73.8855,10474
1154,4144,107,368821,3446.92523364486,40.816567000000006,-73.888161,10474
1155,4146,46,80373,1747.2391304347825,40.818743,-73.890247,10474
1156,4147,392,3218107,8209.456632653062,40.821075,-73.895069,10459
1157,4148,558,2942841,5273.908602150537,40.821967,-73.896752,10459
1158,4149,277,351078,1267.4296028880867,40.82895,-73.90521,10456
1159,4150,384,2106239,5484.997395833333,40.836103,-73.907199,10456
1160,4151,579,2103150,3632.38341968912,40.832678,-73.905158,10456
1161,4152,399,492471,1234.2631578947369,40.830471,-73.904556,10456
1162,4153,110,772850,7025.909090909091,40.82394,-73.894025,10459
1163,4154,378,1977161,5230.584656084656,40.820578,-73.888271,10474
1164,4155,383,1131483,2954.2637075718017,40.827184,-73.893721,10459
1165,4156,352,1469069,4173.491477272727,40.83545,-73.90153,10456
1166,4157,235,1353186,5758.238297872341,40.833246,-73.896599,10456
1167,4158,500,2440503,4881.006,40.830529,-73.894717,10459
1168,4159,572,2714098,4744.926573426574,40.839586,-73.900277,10457
1169,4160,318,859594,2703.125786163522,40.843079,-73.900216,10457
1170,4161,626,2532296,4045.201277955272,40.84224,-73.8985,10457
1171,4162,731,11508699,15743.774281805743,40.834124,-73.88955,10460
1172,4163,276,1237520,4483.768115942029,40.832649,-73.885272,10460
1173,4164,262,1288669,4918.583969465649,40.836274,-73.884308,10460
1174,4165,299,576728,1928.85618729097,40.82809,-73.91288,10456
1175,4166,1641,3741849,2280.2248628884827,40.82441,-73.92818,10451
1176,4167,1624,5243175,3228.5560344827586,40.84301,-73.91172,10457
1177,4168,159,353442,2222.9056603773583,40.842675,-73.908544,10457
1178,4169,75,95342,1271.2266666666667,40.83899,-73.9109,10456
1179,4170,192,201189,1047.859375,40.828975,-73.911259,10456
1180,4171,259,309084,1193.3745173745174,40.828199,-73.903719,10456
1181,4172,561,1844673,3288.187165775401,40.829896,-73.907618,10456
1182,4173,148,197948,1337.4864864864865,40.825322,-73.887729,10459
1183,4174,811,1734692,2138.9543773119603,40.834857,-73.903743,10456
1184,4175,439,6536904,14890.441913439636,40.838379,-73.905838,10456
1185,4177,148,253656,1713.891891891892,40.831762,-73.896853,10459
1186,4179,229,1101976,4812.122270742359,40.830051,-73.89210299999999,10459
1187,4180,227,1254032,5524.370044052864,40.830025,-73.886312,10459
1188,4181,90,232228,2580.311111111111,40.832171,-73.889686,10460
1189,4182,261,674259,2583.367816091954,40.831998,-73.892686,10459
1190,4183,58,83665,1442.5,40.839229,-73.899047,10457
1191,4184,12,23847,1987.25,40.836733,-73.887931,10460
1192,4185,295,4959051,16810.342372881358,40.839335,-73.886445,10460
1193,4186,527,2058887,3906.806451612904,40.818154,-73.925294,10451
1194,4188,1349,2271346,1683.7257227575983,40.83299,-73.94592,10032
1195,4189,456,1004464,2202.771929824561,40.83579,-73.913741,10456
1196,4190,726,4655164,6412.0716253443525,40.840683,-73.915073,10452
1197,4191,226,2162779,9569.818584070796,40.827301,-73.896372,10459
1198,4192,283,232969,823.2120141342756,40.826303,-73.898751,10459
1199,4193,2473,5928783,2397.405175899717,40.85168,-73.94186,10033
1200,4194,698,1416346,2029.1489971346705,40.840484,-73.917946,10452
1201,4195,623,3169951,5088.203852327448,40.83094,-73.91125,10456
1202,4198,438,3397789,7757.509132420091,40.824811,-73.916407,10451
1203,4199,603,1482838,2459.101160862355,40.83406,-73.92243,10452
1204,4200,276,477522,1730.1521739130435,40.844811,-73.912042,10457
1205,4201,724,3021281,4173.040055248619,40.83999,-73.90549,10457
1206,4202,160,944837,5905.23125,40.819999,-73.897263,10459
1207,4203,62,777958,12547.709677419354,40.824956,-73.891677,10459
1208,4204,161,1462112,9081.44099378882,40.826706,-73.888719,
1209,4205,295,492312,1668.8542372881357,40.841092,-73.892317,10457
1210,4206,209,183910,879.9521531100479,40.811892,-73.904192,10455
1211,4207,430,1571066,3653.641860465116,40.83130549267295,-73.91744792461395,10456
1212,4208,190,176010,926.3684210526316,40.822351,-73.926907,10451
1213,4209,73,341444,4677.315068493151,40.838706,-73.927034,10452
1214,4210,476,1098709,2308.2121848739494,40.83196,-73.91956,10456
1215,4211,88,119848,1361.909090909091,40.82995,-73.898802,10459
1216,4212,279,559444,2005.1756272401435,40.83171,-73.90208,
1217,4213,163,239329,1468.276073619632,40.835302,-73.895133,10460
1218,4214,256,899630,3514.1796875,40.72583996792375,-74.0076532959938,10013
1219,4215,470,428873,912.4957446808512,40.74005708567285,-74.0052741765976,10014
1220,4219,1039,1211894,1166.4042348411936,40.75414519263519,-73.9960889518261,10001
1221,4220,934,3141870,3363.886509635974,40.823061,-73.941928,10039
1222,4222,1142,1276931,1118.1532399299474,40.822217,-73.928939,10451
1223,4225,2439,3349329,1373.2386223862238,40.69623297129316,-73.99142056703568,11201
1224,4227,107,187182,1749.3644859813085,40.837037,-73.890413,10460
1225,4228,192,478793,2493.7135416666665,40.839194,-73.888587,10460
1226,4229,101,282434,2796.3762376237623,40.840494,-73.911479,10457
1227,4230,31,47940,1546.451612903226,40.8358771,-73.8931428,10460
1228,4232,3572,5435427,1521.676091825308,40.756951,-73.982631,10036
1229,4235,727,1125632,1548.32462173315,40.76473420006519,-73.99194359779358,10019
1230,4236,920,806254,876.3630434782609,40.768333,-73.992573,10019
1231,4238,832,729835,877.2055288461538,40.762009,-73.996975,10036
1232,4239,387,410481,1060.6744186046512,40.757334,-73.974235,10022
1233,4245,111,240588,2167.45945945946,40.821952,-73.888546,10459
1234,4247,530,854272,1611.8339622641508,40.832164,-73.949702,10031
1235,4248,260,278127,1069.7192307692308,40.70336686695866,-74.007867872715,10005
1236,4249,578,1336443,2312.1851211072662,40.83617913677475,-73.90730146322765,10456
1237,4250,11,9501,863.7272727272727,40.81872569990116,-73.88862490653992,10474
1238,4279,99,95605,965.7070707070708,40.756265,-73.964179,10022
1239,4280,199,183065,919.924623115578,40.73342399437081,-74.00851495563984,10014
1240,4302,47,40638,864.6382978723404,40.778557,-73.919046,11105
1241,4304,57,38024,667.0877192982456,40.76535380385866,-73.93986314535141,11106
1242,4305,28,24044,858.7142857142857,40.759604471387945,-73.92714411020279,11106
1243,4306,12,5410,450.8333333333333,40.77301508291382,-73.91119033098221,11105
1244,4309,19,13834,728.1052631578947,40.772768286288304,-73.92743647098541,11102
1245,4310,2,683,341.5,40.756351,-73.936515,11101
1246,4311,20,29180,1459.0,40.7725996921817,-73.93266275525093,11102
1247,4328,6,4933,822.1666666666666,40.840124,-73.93949,10032
1248,4332,3,1901,633.6666666666666,40.827230499624726,-73.91765579597632,10451
