,start station id,tripduration,Total_trip_duration,average_trip_duration,latitude,longitude,zipcodes
0,72,34550,47548965,1376.236324167873,40.76727215212272,-73.99392891100202,10019
1,79,19560,25218725,1289.3008691206544,40.71911550228221,-74.00666666113344,10013
2,82,12009,13147793,1094.8282954450829,40.71117406222666,-74.00016551949372,10038
3,83,18797,28022697,1490.8068840772464,40.68382604,-73.97632328,11217
4,116,44608,46245054,1036.6986639167862,40.74177605743834,-74.00149744884818,10011
5,119,5621,8294977,1475.7119729585484,40.69608941,-73.97803415,11205
6,120,13428,17834948,1328.190944295502,40.68676793,-73.95928168,11238
7,127,47623,54431840,1142.9737731768264,40.73172428,-74.00674436,10014
8,128,51908,63537877,1224.0478731602066,40.72710258,-74.00297088,10014
9,143,16129,17501252,1085.0797941595883,40.69239494652613,-73.99337883348875,11201
10,144,12733,20610068,1618.6341003691196,40.69839895,-73.98068914,11201
11,146,22957,28599395,1245.7810253953044,40.71625006910659,-74.00910593894672,10013
12,150,33556,37663212,1122.3987364405768,40.720873667135535,-73.98085789886458,
13,151,65473,81668779,1247.3657690956577,40.722103785100856,-73.9972490186953,10012
14,152,2301,2685181,1166.9626249456758,40.71473993,-74.00910627,10007
15,157,18565,22889152,1232.919579854565,40.69089272,-73.99612349,11201
16,161,39595,44762582,1130.5109736077789,40.7291702204445,-73.99810230741608,10012
17,164,27661,29902576,1081.037417302339,40.75323097999999,-73.97032517,10017
18,167,26934,26999580,1002.4348407217644,40.74890060369051,-73.97604885531523,10016
19,168,28405,24504910,862.6970603766943,40.73971301,-73.99456405,10011
20,173,46299,62768325,1355.716646147865,40.76068328464782,-73.98452735348476,10019
21,174,36098,36390811,1008.1115574270044,40.7381764022245,-73.97738658786915,10010
22,195,22779,27876962,1223.8009570218182,40.70905623,-74.01043382,10005
23,212,31006,32720523,1055.2964910017415,40.74334935,-74.00681753,10011
24,216,10483,16276941,1552.698750357722,40.70037867,-73.99548059,11201
25,217,38010,77838376,2047.8394106814,40.70277159,-73.99383605,11201
26,223,38663,35719169,923.8592194087372,40.73781509,-73.99994661,10011
27,224,22855,32891337,1439.1309122730256,40.71146364,-74.00552427,10038
28,228,22101,23543667,1065.2760961042486,40.7546011026,-73.971878855,10017
29,229,44499,41156032,924.8754354030428,40.72743423,-73.99379025,10003
30,232,496,531292,1071.1532258064517,40.69597683,-73.99014892,11201
31,236,48021,51732039,1077.2795027175612,40.72841859128298,-73.98713953626955,10003
32,237,51274,53621495,1045.783340484456,40.73047309,-73.98672378,10003
33,238,36031,43361587,1203.4522216979824,40.736196722294686,-74.00859210907552,10014
34,239,17947,26100067,1454.2857859252242,40.69196566191341,-73.9813017274642,11201
35,241,22744,28778082,1265.304344002814,40.68981035,-73.97493121,11217
36,242,8539,10096328,1182.3782644337743,40.697787024944375,-73.97373603091698,11205
37,243,539,379136,703.4063079777366,40.68841,-73.979458,11217
38,244,13152,13012085,989.3616940389294,40.69196035,-73.96536851,11205
39,245,11250,19228128,1709.1669333333334,40.69327006709511,-73.97703873655644,11205
40,247,39672,42118281,1061.662658802178,40.73535398,-74.00483091,10014
41,248,9158,12716967,1388.618366455558,40.72185379,-74.00771779,10013
42,249,12197,14606268,1197.529556448307,40.71870989378699,-74.00900098191359,10013
43,250,46985,50522706,1075.2943705437906,40.72456089,-73.99565293,10012
44,251,52023,57912025,1113.2004113565154,40.72317958,-73.99480012,10012
45,252,33204,39272468,1182.763161064932,40.73226398,-73.99852205,10011
46,254,33427,34733588,1039.0878032728035,40.73532427,-73.99800419,10011
47,257,30524,35834005,1173.9616367448566,40.71939224714912,-74.00247209177105,10013
48,258,18749,20810807,1109.968905008267,40.68940747,-73.96885458,11205
49,259,30827,50118459,1625.7974827261817,40.70122127282188,-74.01234220133908,10004
50,260,13774,22710987,1648.8301873094235,40.70365184527805,-74.0116780659801,10004
51,261,14962,21328817,1425.532482288464,40.69474881,-73.98362464,11201
52,262,15540,17271322,1111.410682110682,40.6917823,-73.9737299,11205
53,264,22790,33517747,1470.7216761737604,40.70706456,-74.00731853,10005
54,265,36245,42567896,1174.4487791419506,40.72229346,-73.99147535,10002
55,266,642,746304,1162.4672897196265,40.72368361,-73.97574813,10009
56,267,23169,31378285,1354.3219387975312,40.75097711,-73.98765428,10018
57,268,31042,34509646,1111.7082017911216,40.71910536660557,-73.99973341080376,10013
58,270,14167,13087140,923.7763817321944,40.69308257,-73.97178913,11205
59,274,21312,26676282,1251.7024211711712,40.68691852068553,-73.9766820447635,11217
60,275,11279,18488877,1639.2301622484265,40.68650065,-73.96563307,11238
61,276,16439,20747079,1262.0645416387858,40.71748752,-74.0104554,10013
62,278,10886,14808269,1360.3039683997797,40.69766567071468,-73.98476448350632,11201
63,279,1212,1266214,1044.7310231023102,40.707873,-74.00167,10038
64,280,27918,30394563,1088.708467655276,40.73331971873773,-73.99510131274161,10003
65,281,51290,81299030,1585.0853967635016,40.7643971,-73.97371465,
66,282,25299,38817251,1534.3393414759478,40.70764491868283,-73.96841524390085,11249
67,284,64152,67880547,1058.1205106621774,40.73901695807306,-74.0026376740107,10011
68,285,74733,78459865,1049.8690672126102,40.73454566269841,-73.99074143684103,10003
69,289,10235,12597371,1230.8129946262825,40.6845683,-73.95881081,11238
70,291,20263,24683972,1218.1795390613431,40.713126,-73.984844,10002
71,293,58542,57576633,983.5098390898842,40.73020660529954,-73.99102628231049,10003
72,295,27965,27296154,976.0827462900054,40.71406667,-73.99293911,10002
73,296,598,551277,921.8678929765888,40.71413089,-73.9970468,10002
74,297,52226,49068877,939.548826255122,40.7342319866733,-73.98692294698043,10003
75,298,19566,25984981,1328.0681283859756,40.68683208,-73.9796772,11217
76,301,48450,54523638,1125.3588854489165,40.72217443639959,-73.98368777580413,10009
77,302,25243,27615759,1093.996711959751,40.72082834,-73.97793172,10009
78,303,32461,40515601,1248.1316348849389,40.72362738,-73.99949601,10012
79,304,33223,48331207,1454.7514372573216,40.70463334,-74.01361706,10004
80,305,46376,52040325,1122.1391452475418,40.76095756274539,-73.96724471886127,10022
81,307,51845,54828962,1057.5554441122576,40.71427487,-73.98990025,
82,308,20322,19761973,972.4423285109732,40.71307915610471,-73.99851190480908,10038
83,309,26861,33709903,1254.975726890287,40.7149787,-74.013012,10007
84,310,15703,17480815,1113.2149907660958,40.68926940284277,-73.98912866180602,11201
85,311,47238,59173380,1252.664803759685,40.71722734803336,-73.98802088145646,10002
86,312,47053,55608376,1181.8242407497928,40.722055,-73.989111,10002
87,313,11692,12803365,1095.0534553540883,40.69610226,-73.96751037,11205
88,315,38362,58163210,1516.1673009749231,40.70355377,-74.00670227,10005
89,316,23358,30030039,1285.6425635756486,40.70955958,-74.00653609,10038
90,317,44995,44437941,987.6195355039448,40.72453734,-73.98185424,
91,319,38596,50552261,1309.779795833765,40.71106597238056,-74.0094470143279,10007
92,320,24907,26340340,1057.5476773597784,40.71757105737343,-74.00554905825672,10013
93,321,14578,23817702,1633.8113595829332,40.69991755,-73.98971773,11201
94,323,21497,30460132,1416.9480392612925,40.69236176317067,-73.98631744523234,11201
95,324,18012,23502490,1304.8240062180769,40.689888,-73.981013,11201
96,325,41936,42155036,1005.2231018695154,40.73624527,-73.98473765,10003
97,326,45146,46364423,1026.988503964914,40.72953837,-73.98426726,10003
98,327,42846,62039262,1447.9592494048452,40.7153379,-74.01658354,10282
99,328,29343,38864884,1324.5027434141025,40.72405549,-74.00965965,10013
100,330,21044,28590381,1358.6001235506558,40.71450451,-74.00562789,10007
101,331,25857,29456600,1139.211818849828,40.71173111907491,-73.99193043269057,10002
102,332,30066,39723330,1321.204350429056,40.712199086639394,-73.97948149724607,10002
103,334,44644,44589718,998.7841143266731,40.74238789742272,-73.99726238304588,10011
104,335,28631,33160037,1158.186476197129,40.72903913370472,-73.99404652330341,10003
105,336,40018,45841204,1145.5146184217103,40.73047747,-73.99906065,10012
106,337,2801,2783707,993.8261335237416,40.7037992,-74.00838676,10005
107,339,8222,10348474,1258.6322062758452,40.72580614,-73.97422494,10009
108,340,25656,31761290,1237.9673370751482,40.71269042,-73.98776323,10002
109,341,19158,25453814,1328.6258482096252,40.71782143,-73.97628939,10002
110,342,19350,17636593,911.451834625323,40.71739973,-73.98016555,10002
111,343,8209,9895683,1205.4675356316238,40.697940014618105,-73.96986875567791,11251
112,344,12807,14762456,1152.6864995705473,40.68514436681502,-73.95380897682828,11216
113,346,38629,42768843,1107.1693028553675,40.736528902195765,-74.00618028122084,10014
114,347,37577,43009027,1144.5572291561327,40.72884597748622,-74.00859103749633,10014
115,349,31576,36791355,1165.1683240435775,40.71850211,-73.98329859,10002
116,350,57380,50388815,878.1598989194841,40.71559509,-73.9870295,10002
117,351,18672,29727795,1592.105559125964,40.70530954,-74.00612572,10005
118,353,11949,13576585,1136.210979998326,40.68539572057578,-73.97431455367311,11217
119,354,15252,17205207,1128.0623524783634,40.693631728937845,-73.96223551821662,11205
120,355,31868,37479548,1176.0872348437304,40.71602118,-73.99974372,10013
121,356,14754,18438352,1249.7188559034837,40.71622644,-73.98261206,10002
122,358,84565,101665788,1202.220635014486,40.7329155556482,-74.00711383730764,10014
123,359,37673,35895306,952.812518249144,40.75510266454941,-73.97498690760385,10172
124,360,27055,36354501,1343.7257808168545,40.70717936,-74.00887308,10005
125,361,44205,47323667,1070.5500961429702,40.71605866,-73.99190759,10002
126,362,19623,23840201,1214.9111247006065,40.7517263339469,-73.98753530464558,10018
127,363,37822,52106054,1377.6652212997726,40.70834698,-74.01713445,10280
128,364,13615,16589625,1218.4814542783697,40.68900442934924,-73.96023835806244,11238
129,366,18765,22478750,1197.908339994671,40.693261,-73.968896,11205
130,367,29896,32948345,1102.098775755954,40.75828065,-73.97069431,10022
131,368,72595,81746056,1126.0562848681038,40.73038599,-74.00214988,
132,369,35197,42358965,1203.4822570105407,40.73224119,-74.00026394,10011
133,372,8071,9352103,1158.729153760377,40.694546087246025,-73.95801365375519,11205
134,373,11239,16373438,1456.841178040751,40.69331716,-73.95381995,11205
135,376,19525,26081490,1335.7997439180538,40.70862144,-74.00722156,10038
136,377,21464,29671699,1382.3937290346628,40.72243797,-74.00566443,
137,379,47144,45072908,956.06881045308,40.749155993381976,-73.99160001696929,10001
138,380,61769,73678973,1192.814729071217,40.73401142962991,-74.00293880436125,10014
139,383,36389,35373151,972.08362417214,40.735238,-74.000271,10014
140,385,40871,45739195,1119.1112280100806,40.75797322,-73.96603308,10022
141,386,19754,26747983,1354.054014376835,40.71494807,-74.00234482,10007
142,387,41427,71416101,1723.902310087624,40.71273266,-74.0046073,10007
143,388,29489,33025462,1119.924785513242,40.74971772866032,-74.00295038159477,10001
144,389,21001,26246966,1249.7960097138232,40.71044554,-73.96525063,11249
145,390,16789,21255001,1266.0075644767408,40.69221587714098,-73.98428432349753,11201
146,391,23529,26554523,1128.586977772111,40.69760127,-73.99344559,11201
147,392,21635,30760104,1421.775086665126,40.695065,-73.987167,11201
148,393,25974,26244597,1010.417994917995,40.72299208,-73.97995466,10009
149,394,28740,31570901,1098.5003827418232,40.72521311,-73.97768752,
150,396,8162,10836901,1327.7261700563588,40.68034238104668,-73.95576896750933,11238
151,397,9870,11703839,1185.7992907801415,40.68415748,-73.96922273,11238
152,398,31798,54981142,1729.0754764450594,40.691651830000005,-73.9999786,11201
153,399,15051,21024748,1396.900405288685,40.68851534000001,-73.9647628,11205
154,400,10003,10367313,1036.4203738878336,40.71926081,-73.98178024,10002
155,401,45609,48870766,1071.5158411716986,40.72019576,-73.98997825,10002
156,402,78267,78545522,1003.5586134641676,40.7403432,-73.98955109,10010
157,403,39435,40400343,1024.4793457588437,40.72502876,-73.99069656,
158,405,44063,58888182,1336.454213285523,40.739323,-74.008119,10014
159,406,15657,19152918,1223.2814715462732,40.69512845,-73.99595065,11201
160,408,17539,19335652,1102.437539198358,40.71076228,-73.99400398,10002
161,410,42717,51463235,1204.7483437507317,40.72066442,-73.98517977,10002
162,411,43850,45823544,1045.0067046750285,40.722280863594754,-73.97668709713592,10009
163,412,44733,55797288,1247.3406210180403,40.71581550412447,-73.99422367735497,10002
164,415,28075,43155586,1537.153552983081,40.7047177,-74.00926027,
165,416,13707,15639862,1141.0127671992414,40.68753406,-73.97265183,11238
166,417,21139,26972627,1275.965135531482,40.71291224,-74.01020234,10007
167,418,11345,13972354,1231.586954605553,40.70224,-73.982578,11201
168,419,7676,11234079,1463.532959874935,40.69580705,-73.97355569,11205
169,420,9692,12486521,1288.3327486586877,40.68764484,-73.96968902,11238
170,421,6305,6252769,991.7159397303728,40.69573398,-73.97129668,11205
171,422,41806,49628701,1187.1190977371668,40.770513,-73.988038,10019
172,423,29711,30530232,1027.573356669247,40.76584944872607,-73.98690502953788,10019
173,426,99364,145135188,1460.6415603236585,40.71754835460952,-74.01322068777897,10281
174,427,18296,30551114,1669.8247704416267,40.701907,-74.013942,10004
175,432,54753,54287858,991.5047212024912,40.72621785775683,-73.98379853541542,10009
176,434,29101,33554257,1153.0276279165664,40.74317449,-74.00366443,10011
177,435,99191,85130901,858.2522708713492,40.74173971541179,-73.99415557702653,10010
178,436,10779,19398480,1799.6548844976344,40.68216564,-73.95399026,11216
179,437,12950,19547507,1509.46,40.6809833854,-73.9500479759,11216
180,438,48925,59018830,1206.3123147675012,40.72779126,-73.98564945,10003
181,439,48622,50622497,1041.1438649171157,40.7262807,-73.98978041,10003
182,440,25976,27016094,1040.0405759162304,40.752554318659534,-73.97282629518594,10017
183,442,45727,54662311,1195.4055809477989,40.746647,-73.993915,10001
184,443,8391,9454859,1126.7857227982363,40.70853074,-73.96408963,11211
185,445,64445,76388890,1185.3346264256345,40.72740795837412,-73.98142001592956,10009
186,446,62505,64880504,1038.005023598112,40.74487634,-73.99529885,10001
187,447,58495,70397737,1203.4829814514062,40.76370740000462,-73.98516152866911,10019
188,448,47159,50824102,1077.7179753599526,40.75660364922136,-73.99790090420281,10018
189,450,52190,60188705,1153.2612569457751,40.76227202562656,-73.98788207142077,10019
190,453,53040,51508506,971.1256787330316,40.74475150353921,-73.99915359825,10011
191,454,29236,34197240,1169.6962648789165,40.75455731,-73.96592976,10022
192,455,28413,33748185,1187.7726744799916,40.75001986,-73.96905301,10017
193,456,26452,26003424,983.0418871918948,40.7597108,-73.97402311,10022
194,457,7544,7915339,1049.223091198303,40.76695317000001,-73.98169332999998,10019
195,458,41645,51044723,1225.7107215752192,40.75139601450354,-74.00522597056069,10001
196,459,43096,57731168,1339.5945795433452,40.746744965426025,-74.00775596491555,10011
197,460,47288,68523753,1449.0727668753173,40.71285887298448,-73.96590292090552,11249
198,461,43307,43206894,997.6884568314592,40.73587680593622,-73.98205029193018,10003
199,462,62240,64706008,1039.6209511568125,40.74691959,-74.00451887,10011
200,464,24827,27880925,1123.008216860676,40.75934501,-73.96759673,10022
201,465,44815,48921424,1091.630570121611,40.75513557,-73.98658032,10036
202,466,42386,45560786,1074.9017600150994,40.74395411,-73.99144871,10010
203,467,18195,22293149,1225.2348996977191,40.68312489,-73.97895137,11217
204,468,69661,81096848,1164.1642813051778,40.76526532733954,-73.98192344182053,10019
205,469,30855,33060467,1071.478431372549,40.76344058,-73.98268129,
206,470,43978,47088640,1070.7317295011142,40.74345335,-74.00004031,10011
207,471,18046,22640848,1254.6186412501386,40.71286844,-73.95698119,11211
208,472,47554,43306542,910.6813727551836,40.74571210605417,-73.98194831211613,10016
209,473,27800,33014033,1187.555143884892,40.72110063,-73.9919254,10002
210,474,44379,52818712,1190.1735505531897,40.7451677,-73.98683077,10016
211,476,55690,63149754,1133.951409588795,40.74394312306446,-73.97966069609284,10016
212,477,59770,67770840,1133.860465116279,40.75640543297038,-73.9900261656617,10018
213,478,62648,72832160,1162.5616140978163,40.76030097115822,-73.99884220655632,10036
214,479,51656,62445791,1208.8777876722936,40.760192535631866,-73.9912551144204,10036
215,480,47994,58666105,1222.3633162478643,40.76669671631933,-73.99061730881026,10019
216,481,27873,41356257,1483.738994726079,40.71260487417645,-73.96264400689414,11249
217,482,54361,57454677,1056.9098618494877,40.739355431857405,-73.9993178057578,10011
218,483,37851,35050172,926.0038572296636,40.73223272,-73.98889957,10003
219,484,25873,26854817,1037.9475515015654,40.75500254,-73.98014437,10036
220,485,28225,33819632,1198.215482728078,40.75038009,-73.98338988,10018
221,486,43205,49475472,1145.13301701192,40.7462009,-73.98855723,10001
222,487,37755,43429141,1150.2884651039597,40.73314259,-73.97573881,10009
223,489,49164,51468555,1046.8748474493532,40.75066386,-74.00176802,10001
224,490,64669,76532533,1183.4500765436298,40.751551,-73.993934,10001
225,491,18373,15978570,869.676699504708,40.74096368754586,-73.98602212879551,10010
226,492,53707,53870562,1003.0454503137394,40.75019995,-73.99093085,10001
227,493,24243,27313767,1126.6661304294023,40.7568001,-73.98291153,10036
228,494,51513,56266759,1092.282705336517,40.74734811913498,-73.9972355842036,10001
229,495,50489,53413312,1057.9197845075164,40.76269882,-73.99301222,10036
230,496,45136,43042912,953.6270825948244,40.737261854198415,-73.99238966136674,10003
231,497,90007,94038483,1044.7907718288575,40.73704984,-73.99009296,10003
232,499,91856,122299074,1331.4217253091797,40.76915507759591,-73.98191844532454,10023
233,500,26397,29338250,1111.4236466265106,40.762288211196726,-73.98336181629277,10019
234,501,69120,91414456,1322.5471064814817,40.744219,-73.97121214,10016
235,502,39244,40044002,1020.3853327897258,40.714211,-73.981095,10002
236,503,42180,43777285,1037.8683025130397,40.73827421957895,-73.98751975019061,10010
237,504,59142,54990719,929.8082411822394,40.73221853,-73.98165557,10009
238,505,68871,80925578,1175.0312613436715,40.74901271,-73.98848395,10001
239,507,46229,46821676,1012.8204373877868,40.73912602890567,-73.97973776567264,10010
240,508,36584,50636402,1384.1133282309206,40.76341380602367,-73.99667447623332,10036
241,509,66526,68070126,1023.2108649249916,40.74549730755644,-74.00197137539833,10011
242,510,3406,4274926,1255.1162654139753,40.7606597,-73.98042047,10019
243,513,32390,37529958,1158.6896573016363,40.768254,-73.988639,10019
244,514,97415,156086963,1602.2887953600575,40.7608750238489,-74.00277671767346,10018
245,515,54144,60362445,1114.850121897163,40.76009440345264,-73.99461844409464,10036
246,516,19817,26321324,1328.2194075793511,40.75206861307464,-73.96784385576021,10017
247,517,34403,34431907,1000.8402464901316,40.751581,-73.97791,10017
248,518,38150,40139962,1052.161520314548,40.74780376135701,-73.97344191462909,10016
249,519,74501,83361551,1118.931974067462,40.75187300340936,-73.97770598104724,10017
250,520,9820,9229032,939.8199592668024,40.75992262,-73.97648516,10019
251,522,20545,21231422,1033.4106595278656,40.75714758,-73.97207836,10022
252,523,26076,31310251,1200.7305951833102,40.754665922812165,-73.99138154371838,10018
253,525,37702,53406644,1416.5467083974324,40.75594159,-74.0021163,10001
254,526,38555,44461850,1153.2058098819869,40.74765953953858,-73.9849071266946,10016
255,528,60938,63124429,1035.8795661163806,40.74290902149299,-73.97706057900588,10016
256,529,35564,53400801,1501.5409121583623,40.7575699,-73.99098507,10036
257,530,41349,56210797,1359.4233717865002,40.77149667434739,-73.99046030089102,10023
258,531,35481,39091979,1101.772187931569,40.71893904,-73.99266288,10002
259,532,61274,90006412,1468.9168652283188,40.710451,-73.960876,11211
260,533,29098,30598052,1051.5517217678191,40.75299641,-73.98721619,10018
261,534,14711,24343906,1654.809734212494,40.70255065,-74.01272339999998,10004
262,536,40448,39671539,980.803476068038,40.741443834303055,-73.9753607863563,10016
263,537,773,599328,775.3272962483829,40.74025878,-73.98409214,10010
264,539,38992,42412782,1087.730354944604,40.71534825,-73.96024116,11211
265,540,34043,33517338,984.5588814146814,40.74311555376486,-73.98215353488922,10016
266,545,52957,51626463,974.8751439847424,40.73650201880772,-73.97809467865628,10010
267,546,30873,29418579,952.8901953162958,40.74444911611797,-73.98303528771386,10016
268,2000,32305,53606978,1659.4018882525925,40.70255092485745,-73.98940234754497,11201
269,2002,34526,48531306,1405.6451949255634,40.71688697430922,-73.96319796530152,11249
270,2003,51920,47428708,913.4959167950692,40.73381219196632,-73.98054420948029,10009
271,2005,969,877597,905.672858617131,40.70531194,-73.97100056,11251
272,2006,70073,116874706,1667.8992764688253,40.76590939112868,-73.97634152879439,10021
273,2008,61954,91589718,1478.3503567162734,40.70569256110373,-74.01677683746085,10004
274,2009,20785,22591823,1086.9291796968969,40.71117444,-73.99682619,10038
275,2010,23509,33384752,1420.0838827683017,40.72170005235607,-74.00238141417502,10013
276,2012,51458,50487476,981.1394924015702,40.739445,-73.976806,10016
277,2017,25063,27081981,1080.5562382795356,40.75022392,-73.97121414,10017
278,2021,34305,53704433,1565.498702813001,40.75929124,-73.98859651,10036
279,2022,13498,16912608,1252.9714031708402,40.75910691798785,-73.95922298347902,10022
280,3002,13519,15212059,1125.2355203787265,40.711512,-74.015756,10280
281,3016,55322,84489785,1527.2366328043092,40.720367752984544,-73.96165072917938,11249
282,3041,12545,31888090,2541.896373056995,40.67890679,-73.94142771,11213
283,3042,13862,41747611,3011.658562977925,40.6794268,-73.9298911,11233
284,3043,9025,19313238,2139.970969529086,40.6814598,-73.934903,11233
285,3044,5118,16788120,3280.21101992966,40.6800105,-73.938475,11216
286,3046,6928,16864450,2434.245092378753,40.682601,-73.938037,11216
287,3047,11280,21284321,1886.907890070922,40.68236875596631,-73.94411798953901,11216
288,3048,6594,12627135,1914.9431301182892,40.68402,-73.94977,11216
289,3049,10891,14806810,1359.5454962813333,40.68488,-73.96304,11238
290,3050,8806,22685016,2576.086304792187,40.6851532,-73.94111,11221
291,3052,12804,27011226,2109.592783505155,40.686312,-73.935775,11221
292,3053,12164,21453202,1763.6634330812233,40.6900815,-73.947915,11216
293,3054,9277,18844927,2031.360030182171,40.6894932,-73.942061,11221
294,3055,11004,18277935,1661.026444929117,40.6883337,-73.950916,11216
295,3056,11086,16386476,1478.1233988814722,40.69072560496572,-73.95133452960943,11205
296,3057,10848,16834072,1551.8134218289083,40.69128264613385,-73.94524148554572,11216
297,3058,8201,18612756,2269.5715156688207,40.69237074,-73.93705428,11221
298,3059,6439,12347739,1917.6485479111664,40.6933982,-73.939877,11206
299,3060,9815,19744183,2011.6335201222616,40.69425403,-73.94626915,11206
300,3061,5437,7693119,1414.9565937097664,40.69622937,-73.94371094,11206
301,3062,8322,15448963,1856.400264359529,40.69539812215453,-73.94954913418408,11206
302,3063,7004,11374403,1623.9867218732154,40.69527008,-73.95238108,11206
303,3064,6299,11000032,1746.3140180981109,40.69681963,-73.93756926,11206
304,3065,6515,7653096,1174.6885648503453,40.700295110000006,-73.95032283,11206
305,3066,6374,11156155,1750.259648572325,40.69957608,-73.94708417,11206
306,3067,11397,19492056,1710.2795472492762,40.7016657,-73.9437303,11206
307,3068,6498,12640037,1945.2196060326253,40.7031724,-73.940636,11206
308,3069,4505,5845811,1297.6273029966703,40.70411791,-73.94818595,
309,3070,8507,10331052,1214.4177735982132,40.70510918,-73.94407279,11206
310,3071,9598,9929708,1034.560116690977,40.70538077,-73.94976519,11206
311,3072,7445,9509872,1277.350167897918,40.70583354669712,-73.94644585444192,11206
312,3074,14007,18036664,1287.6892982080387,40.707677831604194,-73.94016176984793,11206
313,3075,3628,4112020,1133.412348401323,40.70708701,-73.95796783,11211
314,3076,18303,22242776,1215.2530186308256,40.70870368,-73.9448625,11206
315,3077,22201,24638507,1109.792666996982,40.70877089536507,-73.95095254709247,11206
316,3078,16723,18313332,1095.098487113556,40.70924830771386,-73.96063157158774,11211
317,3080,16057,22809169,1420.5124867658965,40.70934,-73.95608,11211
318,3081,18290,20695534,1131.5218151995623,40.711863,-73.944024,11211
319,3082,23246,29906517,1286.5231437666696,40.71167351,-73.95141312,11211
320,3083,10758,12951555,1203.899888455103,40.71247661,-73.94100005,11211
321,3085,19669,24079383,1224.230159133662,40.71469,-73.95739,11211
322,3086,16444,16843617,1024.301690586232,40.71514305211628,-73.94450696916809,11211
323,3087,16537,23391680,1414.5056539880268,40.71413311,-73.95234386,
324,3088,9858,14238749,1444.3851694055588,40.7160751,-73.952029,11211
325,3092,25893,28254180,1091.1898968833275,40.71900949889932,-73.9585252050168,11249
326,3093,33556,34818557,1037.6253725116223,40.71745164673829,-73.95850940462064,11249
327,3094,11869,14953564,1259.8840677394894,40.7169811,-73.94485918,11211
328,3095,6124,6462592,1055.2893533638146,40.71929301,-73.94500379,11222
329,3096,31725,39049226,1230.8660677698977,40.71924,-73.95242,11211
330,3100,13087,17330370,1324.243142049362,40.724812607367,-73.94752609587965,11222
331,3101,18933,26309306,1389.600485924048,40.72079827347594,-73.95484718089261,11211
332,3102,12861,14665344,1140.295777933287,40.72179134,-73.9504154,11222
333,3105,5707,6545215,1146.874890485369,40.724055,-73.955736,11249
334,3106,15028,16408856,1091.8855469789726,40.72324991682193,-73.94308006121905,11222
335,3107,26678,32729421,1226.8318839493215,40.72311646814866,-73.95212327286454,11222
336,3108,15775,17361620,1100.5781299524565,40.72556992773375,-73.94433995689381,11222
337,3109,11336,13442978,1185.8660903316866,40.72606,-73.95621,11222
338,3110,16973,18992560,1118.9866258174748,40.72708589385966,-73.95299117052025,11222
339,3112,29813,35606672,1194.3337470231106,40.72905996444504,-73.95779004058632,11222
340,3113,16301,18271690,1120.8938101956935,40.730260136187965,-73.95393982700448,11222
341,3115,17502,22278902,1272.9346360415952,40.73232194,-73.9550858,11222
342,3116,18680,23471960,1256.528907922912,40.73266,-73.95826,11222
343,3117,20156,24801548,1230.479658662433,40.735640067473696,-73.95866001686842,11222
344,3118,16041,20317256,1266.5828813664984,40.73555009039337,-73.95284000997444,11222
345,3119,16655,16904768,1014.9965776043232,40.74232756114559,-73.9541172887109,11101
346,3121,6134,10088145,1644.6274861428103,40.74524768,-73.94733276,11101
347,3122,7347,12130983,1651.1478154348713,40.74436310150991,-73.95587326821311,11101
348,3123,6347,10599427,1669.9900740507326,40.744697585233965,-73.93540368638728,11101
349,3124,22870,30397577,1329.1463489287275,40.74731,-73.95451,11101
350,3125,12597,13671803,1085.3221401921091,40.74708568760022,-73.9497723761451,11101
351,3126,17685,28683750,1621.9253604749788,40.74718227314448,-73.94326354164546,11101
352,3127,5608,8731488,1556.9700427960056,40.74966,-73.9521,11101
353,3128,3590,4095959,1140.9356545961002,40.75052534,-73.94594845,11101
354,3129,40929,55516455,1356.4087810598842,40.75110167194899,-73.94073717642162,11101
355,3130,7908,14108535,1784.0838391502275,40.75325964,-73.94335788,11101
356,3131,14867,14229885,957.1456918006322,40.76712840349542,-73.96224617958069,10065
357,3132,23516,28818400,1225.4805238986223,40.763505341035895,-73.97109242606948,10022
358,3134,25714,28452682,1106.50548339426,40.76312584,-73.96526895,10065
359,3135,18878,22295956,1181.0549846382032,40.77112927,-73.95772297,10021
360,3136,26248,42759439,1629.0551280097532,40.76636802407802,-73.97151798026516,10065
361,3137,62508,86961434,1391.2048697766686,40.77282817824678,-73.96685281506046,10021
362,3139,18614,20445035,1098.3687009777586,40.77118281185896,-73.96409427025309,10021
363,3140,58445,65459342,1120.016117717512,40.77140421194593,-73.95351658232184,10075
364,3141,100753,106903423,1061.0445644298434,40.76500524002263,-73.95818491808998,10065
365,3142,58550,65261789,1114.633458582408,40.7612274,-73.96094022,10065
366,3143,38750,57369998,1480.5160774193548,40.7763214052332,-73.96427396707055,10075
367,3144,11651,14478484,1242.6816582267616,40.77677702,-73.9590097,10028
368,3145,19064,25381879,1331.4036403692824,40.77862689957197,-73.95772079710397,10028
369,3146,19220,21207334,1103.3992715920915,40.77573034,-73.9567526,10028
370,3147,45493,68029275,1495.3789594003474,40.77801211686787,-73.95407139578859,10028
371,3148,33606,39758301,1183.071505088377,40.77565542025382,-73.95068612958251,10028
372,3150,18980,20635436,1087.2200210748156,40.77536905,-73.94803392,10028
373,3151,26625,34567550,1298.311737089202,40.77283841213896,-73.94989233808789,10028
374,3152,15825,17549391,1108.9662559241706,40.76873687,-73.96119945,10021
375,3154,22639,25057157,1106.8137726931402,40.77314236,-73.95856158,10075
376,3156,43606,46729074,1071.6202816126222,40.7666381482984,-73.95348294892446,10021
377,3157,16079,21675966,1348.0916723676846,40.775186200615714,-73.94446051135768,10028
378,3158,38267,43830509,1145.3865994198657,40.7716385811574,-73.98261430015941,10023
379,3159,30333,35008430,1154.1367487554808,40.77492516543566,-73.9826656710223,10023
380,3160,35249,54470276,1545.2998950324832,40.77896784,-73.97374737,10024
381,3161,29666,35371029,1192.3086698577497,40.78018393251382,-73.97728531590926,10023
382,3163,57718,78865664,1366.3963408295506,40.7734066,-73.97782541999999,10023
383,3164,60433,68462637,1132.868416262638,40.77705748250128,-73.9789847667996,10023
384,3165,62504,90328816,1445.1685652118265,40.77579376683666,-73.9762057363987,10023
385,3166,41003,59995143,1463.1891081140404,40.78057802478397,-73.98562432251691,10023
386,3167,54855,58980800,1075.212833834655,40.77966807789392,-73.98093043061647,10023
387,3168,22349,36576043,1636.5852163407758,40.7847267622265,-73.96961721187526,10024
388,3169,24405,40643420,1665.3726695349314,40.78720869,-73.98128127,10024
389,3170,33884,38804362,1145.2119584464645,40.78499979,-73.97283406,10024
390,3171,34408,39429000,1145.9253661939083,40.78524672,-73.97667321,10024
391,3172,22047,24187578,1097.0915770853178,40.7785669,-73.97754961,10023
392,3173,40057,59645180,1489.007664078688,40.777507064819176,-73.98888588236554,10069
393,3175,38967,39315956,1008.9551671927528,40.77748046,-73.98288594,10023
394,3177,24243,30222554,1246.6507445448171,40.7867947,-73.977112,10024
395,3178,21698,37102498,1709.9501336528713,40.78414479883492,-73.98362486239837,10024
396,3179,6489,16075425,2477.3347202958853,40.698617,-73.941342,11206
397,3182,7614,20581249,2703.079721565537,40.686931,-74.016966,10004
398,3221,6803,12911342,1897.8894605321184,40.743,-73.93561,11101
399,3226,22807,29885374,1310.359714122857,40.78275,-73.97137,10024
400,3231,10599,11329101,1068.883951316162,40.76780072592688,-73.96592071905441,10065
401,3232,25080,32207530,1284.1917862838916,40.68962188790333,-73.98304268717766,11201
402,3233,32484,32385527,996.9685691417312,40.757245702338565,-73.97805911022293,10017
403,3235,21662,21440154,989.758748038039,40.752165280621966,-73.97992193698882,10017
404,3236,31897,35668631,1118.2440668401416,40.75898478312153,-73.99379972406281,10036
405,3241,11552,25378891,2196.926159972299,40.686203,-73.944694,11216
406,3242,14204,21003740,1478.720078851028,40.69102932512263,-73.99183363893707,11201
407,3243,13445,16050902,1193.8194124209742,40.75892386377696,-73.96226227283478,10022
408,3244,46341,56076448,1210.0828208282082,40.73143723141699,-73.99490341752573,10003
409,3246,15809,17787141,1125.1275222974257,40.69428123234028,-73.99230029359754,11201
410,3249,7963,13791326,1731.9259073213614,40.6803560840434,-73.9476791024208,11216
411,3254,8442,21831948,2586.110874200426,40.69231660719192,-74.01486575603485,10004
412,3255,58276,55622314,954.4634841100968,40.750585395571605,-73.99468482622376,10001
413,3256,79805,106232516,1331.1511308815236,40.7277140777778,-74.01129573583603,10014
414,3259,40676,39886769,980.5971334447833,40.74937024193277,-73.99923384189606,10001
415,3260,37894,44293842,1168.8880033778437,40.72706363348306,-73.99662137031554,10012
416,3263,46761,50802808,1086.4354483437053,40.72951499400753,-73.99075272366497,10003
417,3282,51502,85623525,1662.528154246437,40.78306997922411,-73.95938999242748,10128
418,3283,33398,40355950,1208.3343313970895,40.7882213,-73.97041561,10024
419,3284,15446,20048939,1298.0020069921015,40.781410700190015,-73.95595908164978,10128
420,3285,18957,25824424,1362.2632273038982,40.78839,-73.9747,10024
421,3286,25050,31104177,1241.6837125748502,40.78062845475449,-73.95216673326547,10128
422,3287,20784,25622588,1232.8035026943803,40.789622,-73.97757,10024
423,3288,32563,37896203,1163.7810705401837,40.77830102146608,-73.94881343644013,10128
424,3289,17812,21517736,1208.0471592185045,40.790179527016335,-73.97288924731508,10024
425,3290,20551,24193186,1177.226704296628,40.7779453513211,-73.94604104666439,10128
426,3292,20771,32567951,1567.9529632660922,40.7857851,-73.957481,10128
427,3293,17369,21543691,1240.3529852035235,40.7921,-73.9739,10025
428,3294,15178,20444331,1346.9713400975097,40.7835016,-73.955327,10128
429,3295,25733,44072848,1712.697625616912,40.79126998950763,-73.96483900625655,10025
430,3296,13956,18935900,1356.8286041845802,40.782454175279874,-73.9489196240902,10128
431,3297,11339,12377206,1091.5606314489814,40.6686627,-73.97988067,11215
432,3298,9587,10555234,1100.9944716804005,40.686371,-73.99383324,11201
433,3299,9508,11781259,1239.0890828775769,40.78813,-73.95206,10029
434,3300,16272,24249243,1490.24354719764,40.66514680631535,-73.97637609501574,11215
435,3301,42713,50745203,1188.0505466719735,40.79195565525016,-73.9680869959263,10025
436,3302,6000,8017701,1336.2835,40.7969347,-73.9643412291,10025
437,3303,7499,9241651,1232.384451260168,40.6849894,-73.99440328999998,11231
438,3304,8932,10605242,1187.3311688311687,40.668127,-73.98377641,11215
439,3305,29464,40673249,1380.4388066793374,40.7811223589195,-73.94965591382274,10128
440,3306,9268,10602521,1143.9923392317653,40.6662078,-73.98199886,11215
441,3307,22756,34958621,1536.2375197750043,40.79416539273159,-73.9741239945509,10025
442,3308,10667,15418611,1445.449610949658,40.6861758,-73.99645295,11201
443,3309,8313,11311237,1360.6684710694094,40.7859201,-73.94860294,10029
444,3310,11049,13647210,1235.1534075481943,40.663779,-73.98396846,11215
445,3311,10039,14850983,1479.328917222831,40.687631686313374,-74.00162553768303,11231
446,3312,22184,28587131,1288.6373512441398,40.78172121256762,-73.94594004778217,10128
447,3313,7820,11344009,1450.640537084399,40.666318100000005,-73.9854617,11215
448,3314,28612,36439460,1273.5726268698447,40.79377040000001,-73.971888,10025
449,3315,11348,10714163,944.1454881917518,40.6847514,-73.99917254,11231
450,3317,6708,7999630,1192.55068574836,40.6686273,-73.98700053,11215
451,3318,30068,34705027,1154.218005853399,40.7839636,-73.9471673,10128
452,3319,13460,19183927,1425.2546062407132,40.66628690438336,-73.98895053367534,11215
453,3320,19973,34092580,1706.9333600360487,40.794066601515695,-73.96286836510954,10025
454,3321,9340,10409476,1114.5049250535333,40.6831164,-73.99785267,11231
455,3322,5476,7940207,1450.0012783053323,40.668602889883125,-73.9904391371439,11215
456,3323,29405,44868869,1525.8925012752934,40.79818559999999,-73.9605909006,10025
457,3324,5723,7992678,1396.588852000699,40.6685455,-73.99333264,11215
458,3325,12314,15186949,1233.3075361377294,40.7849032,-73.950503,10128
459,3326,3035,3777586,1244.6741350906095,40.67434,-74.00194698,11231
460,3327,7496,12424428,1657.474386339381,40.7877214,-73.94728331,10029
461,3328,24451,29454478,1204.6328575518385,40.79499995910188,-73.96450002044907,10025
462,3329,11461,13475987,1175.8124945467237,40.6829151,-73.99318208,11231
463,3330,2093,4799445,2293.09364548495,40.6725058,-74.00494695,11231
464,3331,26171,41313077,1578.5822857361202,40.8013434,-73.9711457439,10025
465,3332,7463,7984375,1069.8613158247354,40.68199044270703,-73.99079024791718,11217
466,3333,1590,2491699,1567.1062893081762,40.6747055,-74.0075572,11231
467,3335,12912,14436409,1118.0614157372986,40.6772744,-73.98282002,11215
468,3336,24828,32133319,1294.2371113259223,40.78780100801514,-73.9535589774851,10029
469,3337,4054,7025294,1732.9289590527874,40.67363551341504,-74.01195555925369,11231
470,3338,12137,16899610,1392.4042185053968,40.7862586,-73.94552579,10029
471,3339,8122,10364904,1276.151686776656,40.6765304,-73.97846879,
472,3340,1734,2985549,1721.7698961937715,40.6753274,-74.0100698,11231
473,3341,5457,8100433,1484.4113982041415,40.795346,-73.96186,10025
474,3342,2792,6443957,2308.007521489971,40.6777748,-74.0094613,11231
475,3343,11125,19035690,1711.0732584269665,40.79975682186067,-73.9621128574546,10025
476,3344,6657,12769669,1918.2317860898304,40.679043,-74.011169,11231
477,3345,18673,20294589,1086.8413752476838,40.7894853359833,-73.95242932514931,10029
478,3346,12320,13229753,1073.8435876623378,40.67514665253467,-73.97523189451094,11217
479,3347,6863,10038622,1462.7163048229638,40.6773429,-74.01275056,11231
480,3348,8077,13441301,1664.1452271883124,40.677236,-74.015665,11231
481,3349,40286,68675921,1704.709353125155,40.6729679,-73.97087984,11238
482,3350,31665,42052880,1328.05558187273,40.797372088248856,-73.97041193857193,10025
483,3351,24662,46312460,1877.8874381639769,40.7869946,-73.94164802,10029
484,3352,4534,7742375,1707.625716806352,40.67267243410948,-74.0087952464819,11231
485,3354,27001,42183731,1562.3025443502092,40.66813199022258,-73.97363833679086,11215
486,3355,14128,18992308,1344.3026613816537,40.76800889305947,-73.96845281124115,10065
487,3356,15327,17488892,1141.051216806942,40.77466718696419,-73.9847057544477,10023
488,3357,16699,22654202,1356.6202766632732,40.8008363,-73.9664492472,10025
489,3358,10189,11961703,1173.9820394543135,40.6711978,-73.97484126,11215
490,3359,10296,13413898,1302.8261460761462,40.7691572,-73.96703464,10065
491,3360,18689,22405747,1198.8735084809246,40.78293904975119,-73.97865177214405,10024
492,3361,10463,11886478,1136.0487431902895,40.6740886,-73.9787282,11215
493,3362,21321,29118082,1365.6996388537125,40.7781314,-73.96069399,10028
494,3363,11738,19178065,1633.8443516783095,40.7904828,-73.95033068,10029
495,3364,11815,14914197,1262.3103681760474,40.6751622,-73.9814832,11215
496,3365,12522,14435202,1152.7872544321992,40.6703837,-73.97839676,11215
497,3366,17131,23668517,1381.619111552157,40.8021174,-73.9681805305,10025
498,3367,29162,41484052,1422.5379603593717,40.79225521390851,-73.95249936433714,10029
499,3368,16716,18001761,1076.917982770998,40.6728155,-73.98352355,11215
500,3369,17463,23988509,1373.6762870068144,40.7724607,-73.9468208,10028
501,3370,17250,19926592,1155.1647536231883,40.7727966117913,-73.95577802286898,10075
502,3372,36166,39242874,1085.0764253718962,40.7689738,-73.95482273,10021
503,3373,9494,10059798,1059.5953233621235,40.6750705,-73.98775226,11215
504,3374,52390,97559544,1862.1787364000763,40.79948399999999,-73.955613,10029
505,3375,17256,20677054,1198.253013444599,40.7699426,-73.96060712,10021
506,3376,22425,27031406,1205.4138684503905,40.76471851944339,-73.96222069859505,10065
507,3377,9215,11406209,1237.7871947911017,40.6786115,-73.99037292,11231
508,3378,18416,18857371,1023.9667137271938,40.77376295856864,-73.96222086800609,10021
509,3379,14239,27632342,1940.6097338296229,40.79030514880259,-73.94755753084206,10029
510,3381,4595,4659167,1013.9645266594124,40.6777287,-73.99364123,11231
511,3382,11020,12922382,1172.629945553539,40.680611,-73.99475825,11231
512,3383,27437,36761497,1339.8511863541933,40.804213,-73.96699104,10025
513,3384,8617,9814849,1139.0099802715563,40.6787242,-73.99599099,11231
514,3386,7820,9749334,1246.7179028132991,40.6809591,-73.99905709,
515,3387,11325,23053247,2035.6067991169975,40.7934337,-73.94945003,10029
516,3388,7384,8638197,1169.8533315276272,40.6828003,-73.99990419,11231
517,3389,6006,6750002,1123.8764568764568,40.6830456,-74.00348559,11231
518,3390,10187,18422465,1808.428879945028,40.79329668,-73.9432083,10029
519,3391,11251,21233139,1887.222380232868,40.7892529,-73.93956237,10029
520,3392,4111,5053761,1229.3264412551691,40.6812117,-74.00860912,11231
521,3393,2543,2983680,1173.2913881242628,40.6794327,-74.00785041,11231
522,3394,2448,5275337,2154.9579248366013,40.6769993,-74.00647134,11231
523,3395,1926,3392751,1761.5529595015576,40.6763744,-74.00324957,11231
524,3396,8489,11715480,1380.0777476734595,40.6783563,-74.00014502,11231
525,3397,7475,8748642,1170.386889632107,40.6763947,-73.99869893,11231
526,3398,8545,11968478,1400.6410766530134,40.6746957,-73.99785768,11231
527,3399,5256,5831067,1109.4115296803652,40.67260298150126,-73.98983001708984,11215
528,3400,22619,38318728,1694.0946991467351,40.79615361227287,-73.94782134104958,10029
529,3402,21574,21690732,1005.4107722258274,40.69023738527858,-73.99203073715027,11201
530,3403,8754,13148350,1501.9819511080648,40.6705135,-73.98876585,11215
531,3404,7102,7969331,1122.1248943959447,40.6704922,-73.98541675,11215
532,3405,5461,6348718,1162.5559421351402,40.6704836,-73.98208968,11215
533,3407,5995,7062088,1177.9963302752294,40.67909799721684,-73.98765474557877,11215
534,3408,15398,18513224,1202.3135472139238,40.6881529,-73.99520919,11201
535,3409,26821,29998755,1118.4801088699153,40.6867443,-73.99063168,11201
536,3410,10154,12870699,1267.5496356115816,40.6864442,-73.98759104,11217
537,3411,10550,13862190,1313.9516587677724,40.6849668,-73.98620772,11217
538,3412,10339,12269748,1186.7441725505369,40.68537622068865,-73.98302135586808,11217
539,3414,14373,19453304,1353.4616294440966,40.680944723477296,-73.97567331790923,11217
540,3415,7626,9006768,1181.0605822187254,40.6793307,-73.97519523,11217
541,3416,17482,16577796,948.2780002288068,40.67761466483813,-73.97324287331142,11217
542,3417,14092,20223061,1435.0738717002555,40.67957663004542,-73.97854981291583,11217
543,3418,18990,28927365,1523.2946287519746,40.6750207,-73.97111473,11238
544,3419,9209,10318597,1120.490498425453,40.6792788,-73.98154004,11217
545,3420,7897,9067527,1148.2242623781185,40.6802133,-73.98432695,11217
546,3421,3881,8784215,2263.3895903117755,40.6843549,-73.98901629,11217
547,3422,11162,16769263,1502.3528937466403,40.6859296,-74.00242364,11231
548,3423,48873,104395465,2136.056002291654,40.661063391065134,-73.9794525616127,11215
549,3424,11314,14416558,1274.222909669436,40.791976,-73.945993,10029
550,3425,14431,25650595,1777.4648326519298,40.7892105,-73.94370784,10029
551,3429,28434,33470970,1177.146022367588,40.68506807308177,-73.97790759801863,11243
552,3430,8429,9766381,1158.6642543599478,40.71907891179564,-73.94223690032959,11222
553,3435,71359,77617850,1087.7093288863352,40.71882200498887,-73.99595997309379,10013
554,3436,4472,7104059,1588.5641771019675,40.721319,-74.010065,10013
555,3437,23315,39037024,1674.3308599613983,40.79313480986663,-73.97700369358063,10025
556,3440,21870,32527689,1487.3200274348424,40.69241829257847,-73.98949474096298,11201
557,3441,501,384051,766.5688622754491,40.752957,-74.00264,10001
558,3443,30133,29332972,973.4501045365546,40.76132980935644,-73.97982002499243,10019
559,3452,11949,14634016,1224.7063352581806,40.71915570392864,-73.94885400588447,11222
560,3453,15589,18080921,1159.8512412598627,40.7133522396319,-73.94910341292547,11211
561,3454,13559,15048350,1109.8421712515672,40.7103685423523,-73.94705951213837,11206
562,3456,6345,9803360,1545.0527974783297,40.71638019985547,-73.94821247970995,11211
563,3457,18721,23855297,1274.2533518508626,40.76302594280519,-73.97209525108337,10022
564,3459,2042,1863384,912.5288932419196,40.75763227739443,-73.96930575370789,10022
565,3461,38146,41231570,1080.8884286687987,40.71485150526252,-74.01122331619263,10007
566,3462,5559,5367000,965.4614139233676,40.75118387463277,-73.97138714790344,10017
567,3463,24192,22873101,945.4820188492064,40.73536699909681,-73.98797397086521,10003
568,3467,29122,35533031,1220.1439118192432,40.72494672359416,-74.00165855884552,10012
569,3469,14973,16184902,1080.9391571495355,40.73181396284399,-73.95995014520247,11222
570,3472,30862,40515160,1312.7846542673838,40.74275383663556,-74.00747357264447,10011
571,3477,6586,20276400,3078.712420285454,40.65539977447831,-74.01062786579132,11232
572,3478,9000,19292728,2143.6364444444444,40.65708854572189,-74.00870218393644,11232
573,3479,6618,12752345,1926.918253248716,40.68512559515415,-74.02535319328308,10004
574,3486,19498,23212720,1190.5180018463432,40.68841745741941,-73.98451663711295,11201
575,3490,8318,15759690,1894.648954075499,40.79687901454676,-73.93726108884347,10029
576,3491,9469,16425152,1734.6237195057556,40.79747,-73.93504,
577,3492,5520,13388957,2425.535688405797,40.8005385,-73.9419949,10035
578,3493,12911,22454031,1739.1395709085275,40.799139,-73.9389152,10035
579,3494,11452,35119653,3066.6829374781696,40.797911,-73.9423,10029
580,3495,9342,17007307,1820.5209805180905,40.7945663,-73.9362541,10029
581,3496,16260,23229954,1428.6564575645757,40.7923272,-73.9383,10029
582,3497,22980,29695200,1292.219321148825,40.7949879,-73.9333349,10029
583,3498,7704,19522894,2534.1243509865003,40.7974772,-73.9311847,10035
584,3499,7202,11313392,1570.868092196612,40.8006721,-73.9349,10035
585,3500,7434,10953347,1473.4122948614474,40.7989445,-73.944846,10029
586,3501,8850,14153578,1599.2743502824858,40.8014866,-73.9442507,10035
587,3502,12547,20374643,1623.8657049493902,40.7954121,-73.9441232,10029
588,3503,8760,14475679,1652.4747716894976,40.80295,-73.942954,10035
589,3504,5885,12645470,2148.762956669498,40.8029263,-73.9379,10035
590,3505,3979,11986182,3012.360392058306,40.805726,-73.936322,10035
591,3506,7289,14419650,1978.2754836054328,40.80130642074359,-73.9398168623405,10035
592,3507,18157,25688063,1414.7746323731894,40.8045555,-73.9396861,10035
593,3508,19276,28396132,1473.1340527080308,40.809725,-73.953149,
594,3509,13020,32119485,2466.9343317972352,40.80119380830261,-73.95007389432412,10026
595,3510,11309,22568702,1995.6408170483685,40.80783170331594,-73.94937305544256,10027
596,3511,8453,15257151,1804.939193185851,40.802535,-73.9532423,10026
597,3513,9651,16876075,1748.6348564915552,40.774645,-73.923706,11102
598,3514,18523,23722607,1280.710845975274,40.77669996220914,-73.92763107390812,11102
599,3515,4157,6649740,1599.6487851816214,40.774591,-73.918544,11102
600,3516,7202,7395589,1026.8798944737573,40.7699176,-73.9184057,11102
601,3517,4420,5437968,1230.3095022624434,40.7711528,-73.9170074,11102
602,3518,25046,43803913,1748.938473209295,40.808442,-73.9452087,10027
603,3520,10057,23935303,2379.964502336681,40.804372,-73.951475,10026
604,3521,35840,60595429,1690.7206752232144,40.7987859,-73.9523,10026
605,3522,4724,7245189,1533.6979254868754,40.7701477,-73.9120938,11103
606,3523,5440,7139797,1312.4626838235297,40.7729,-73.916142,11105
607,3524,8986,12617482,1404.1266414422437,40.7774552,-73.9225403,11105
608,3525,4168,6248141,1499.0741362763915,40.776165,-73.9153175,11105
609,3526,15158,20121480,1327.449531600475,40.7747878,-73.9125551,11105
610,3527,10778,22508094,2088.33679717944,40.80698,-73.941747,10035
611,3528,8769,14556242,1659.966016649561,40.7713937,-73.9077436,11105
612,3529,14528,29831761,2053.3976459251103,40.8107922,-73.9430681,10027
613,3530,6084,8174105,1343.5412557527943,40.7787185,-73.9145645,11105
614,3531,9136,22611119,2474.947351138354,40.8125511,-73.9492286,10027
615,3532,12620,23784520,1884.6687797147383,40.78145,-73.9183302,11105
616,3533,21409,37483935,1750.849409127003,40.8114323,-73.9518776,10027
617,3534,30804,54108631,1756.5456109596155,40.805159,-73.954692,10026
618,3535,14096,30338707,2152.291926787741,40.804038,-73.945925,10027
619,3536,13214,20122860,1522.843953382776,40.80820000000001,-73.9641,10027
620,3537,14106,18707703,1326.2230965546576,40.6809741,-73.9710097,11238
621,3538,19006,27400388,1441.6704198674104,40.802692,-73.96295,10025
622,3539,11407,13455688,1179.5991934776891,40.80675803354081,-73.96070831324624,10027
623,3540,11118,25552880,2298.334232775679,40.81,-73.9551508,10027
624,3541,11184,26383643,2359.052485693848,40.813358,-73.956461,10027
625,3542,7140,8363778,1171.3974789915967,40.80862495253501,-73.95962131296919,10027
626,3543,3881,5630683,1450.8330327235249,40.81028506306003,-73.95736455917358,10026
627,3544,10014,12786876,1276.8999400838825,40.6804836,-73.9646795,
628,3545,7022,11685668,1664.1509541441185,40.8120562,-73.9612547,10027
629,3546,3463,3529558,1019.21975166041,40.6791944,-73.9587903,11238
630,3547,11047,19185641,1736.7286141033765,40.81432566104824,-73.95902549769167,10027
631,3549,10975,18124164,1651.4044646924829,40.678045,-73.962408,11238
632,3551,8378,25139321,3000.6351157794224,40.795508,-73.941606,10029
633,3552,15087,21346923,1414.921654404454,40.80597300178962,-73.96492800477233,10025
634,3553,26626,37211197,1397.5511530083377,40.801694147149405,-73.95714487099076,10026
635,3554,10188,17538665,1721.5022575579112,40.7552433,-73.9485678,11101
636,3555,11481,14543139,1266.7136137967077,40.751047,-73.93797,11101
637,3556,601,536361,892.4475873544093,40.7527085,-73.9397405,11101
638,3557,4984,8475172,1700.4759229534511,40.7574201163724,-73.94513277267255,11101
639,3558,18074,21657685,1198.2784663051898,40.67943883105012,-73.96804379757663,11238
640,3559,2012,4173985,2074.5452286282307,40.7576314,-73.9391224,11101
641,3561,5848,8963583,1532.7604309165529,40.7531106,-73.9279917,11101
642,3562,12619,15393913,1219.8995958475316,40.6765198,-73.9596082,11238
643,3563,5544,7654476,1380.6774891774892,40.757186,-73.932719,11106
644,3564,4477,7903295,1765.3104757650212,40.7601853,-73.9362726,11106
645,3565,8300,13496481,1626.082048192771,40.7614376,-73.9411265,
646,3566,4749,7710804,1623.6689829437776,40.7596276,-73.9321455,11106
647,3567,1499,1529522,1020.361574382922,40.7627442,-73.9391141,11106
648,3568,6338,6784624,1070.4676554118018,40.7569332,-73.9262231,11106
649,3569,10517,18853621,1792.680517257773,40.67583251102025,-73.95616768405439,11238
650,3570,6597,10089549,1529.4147339699864,40.7557327,-73.9236611,11101
651,3571,18910,29039674,1535.6781597038605,40.676368,-73.952918,11216
652,3572,12720,15028442,1181.4812893081762,40.756913,-73.921631,11101
653,3573,6735,7705934,1144.1624350408315,40.75805829134373,-73.92427491067558,11106
654,3574,7944,10982543,1382.4953423967777,40.67696940385196,-73.96578990055387,11238
655,3575,7481,7304789,976.4455286726374,40.76108,-73.930562,11106
656,3576,16558,24357270,1471.0272979828485,40.676700018118126,-73.96902393815678,11238
657,3577,3543,6814195,1923.2839401637032,40.7628138,-73.9342862,11106
658,3578,9130,13951505,1528.0947426067908,40.6741806,-73.9564947,11238
659,3579,12347,20520409,1661.975297643152,40.67269510569369,-73.95413090839881,11216
660,3580,12773,16166283,1265.6606122289204,40.67372364327879,-73.96316091819462,11238
661,3581,14743,21566213,1462.8103506748969,40.6740123,-73.9671457,11238
662,3582,5165,8285705,1604.2023233301063,40.6721683,-73.9609,11238
663,3583,12097,24924719,2060.40497644044,40.6716493,-73.9631145,11238
664,3584,17203,31761084,1846.2526303551704,40.67077671298029,-73.95768017672499,11216
665,3585,6370,17992941,2824.637519623234,40.6691783,-73.9554162,11225
666,3586,3359,4725072,1406.690086335219,40.7638753,-73.9364848,11106
667,3587,3941,6627903,1681.7820350164932,40.6686744,-73.9618148,11225
668,3588,10410,17473954,1678.5738712776176,40.7671863,-73.9373554,11106
669,3589,5918,8410524,1421.176748901656,40.7668,-73.9347774,11106
670,3590,4175,15675217,3754.542994011976,40.6679411,-73.9588,11225
671,3591,8586,8320353,969.0604472396924,40.7659,-73.930819,11106
672,3592,12294,12669872,1030.573613144623,40.7633589,-73.9286471,11106
673,3593,15433,14515599,940.5558867362146,40.761584,-73.925921,11106
674,3595,8834,11670214,1321.0565995019244,40.760339,-73.9222427,11106
675,3596,3219,10710005,3327.1217769493637,40.6642406,-73.9574686,11225
676,3597,13537,21894831,1617.4064416044914,40.7577284,-73.9166368,11103
677,3598,8426,17796004,2112.034654640399,40.7595701,-73.9142678,11103
678,3599,21173,66802949,3155.100788740377,40.66314,-73.9605695,11225
679,3600,10938,14692069,1343.2134759553849,40.7611488,-73.9170071,11103
680,3601,9072,28053001,3092.262014991182,40.6627059,-73.9569115,11225
681,3602,13977,19399595,1387.9655863203834,40.763154,-73.920827,11103
682,3603,9509,11301199,1188.473972026501,40.7647,-73.9240312,11106
683,3604,11470,42097391,3670.217175239756,40.6630619,-73.9538746,11225
684,3605,7912,10085680,1274.732052578362,40.7658346,-73.9265474,11102
685,3606,3824,6892087,1802.3240062761504,40.74252012552301,-73.94885230020921,11101
686,3607,4608,5523219,1198.615234375,40.7682,-73.9322662,11106
687,3608,4603,6841312,1486.2724310232456,40.7423737,-73.9566,11101
688,3609,9153,17722825,1936.285917185622,40.76924758221348,-73.93545035079208,11106
689,3610,9290,17625588,1897.264585575888,40.770845,-73.934171,11102
690,3611,11789,16372716,1388.8129612350497,40.7449067,-73.9534573,11101
691,3612,4938,8096285,1639.5878898339408,40.7703743,-73.9286078,11102
692,3613,14202,24507521,1725.638712857344,40.745038067736935,-73.95753910287283,11101
693,3614,8872,9418613,1061.6110234445446,40.768692,-73.9249574,11102
694,3615,9701,10412054,1073.2969796928153,40.748,-73.9460927,11101
695,3616,13327,20261203,1520.3123733773543,40.7656251,-73.9136695,11103
696,3617,10307,11811248,1145.944309692442,40.7671,-73.9169858,11103
697,3618,13582,18965337,1396.3581946694153,40.7485,-73.941275,11101
698,3619,8665,9290848,1072.2271206001153,40.7713615,-73.9246145,11102
699,3620,3953,5800304,1467.316974449785,40.7519071,-73.9479119,11101
700,3621,5256,10232867,1946.892503805175,40.7739825,-73.9309134,11102
701,3622,5731,14451439,2521.6260687489093,40.80756025126505,-73.93918179375328,10035
702,3623,10775,15514062,1439.8201392111368,40.8109494,-73.9634,10115
703,3628,18901,35776962,1892.8608010158196,40.8025566,-73.9490782,10026
704,3629,15534,37326199,2402.8710570361786,40.80949534777948,-73.94776493310928,10027
705,3630,19785,47598992,2405.8120798584787,40.80386535625979,-73.95593080349761,10026
706,3635,7459,8890886,1191.9675559726504,40.75462324029105,-73.99516761302948,10018
707,3637,16952,21073989,1243.1565007078812,40.68323865460341,-73.96599590778351,11238
708,3641,73000,83126078,1138.713397260274,40.74286877312112,-73.98918628692627,10010
709,3646,4378,4887600,1116.400182731841,40.76315481910373,-73.93985509872437,11106
710,3647,3289,6228085,1893.610519914868,40.74128309355993,-73.93725872039794,11101
711,3648,16139,22637632,1402.666336204226,40.69795031569544,-73.97077560424805,11205
712,3649,5430,10787580,1986.6629834254145,40.814394437915816,-73.95324736833572,10027
713,3654,5334,7201465,1350.1059242594677,40.75186951421875,-73.93349289894103,11101
714,3656,46336,47749738,1030.5105749309391,40.72307744417901,-73.98583621493643,10009
715,3658,14904,18760130,1258.7312130971552,40.7435337324616,-74.00367558002472,10011
716,3661,2860,5999167,2097.610839160839,40.666439306870814,-73.9605563879013,11225
717,3662,478,299938,627.4853556485356,40.761293897289086,-73.916916847229,11103
718,3664,40608,48933649,1205.024847320725,40.72019521437465,-74.0103006362915,10013
719,3668,15469,14135832,913.8167948800829,40.72395691987355,-73.94984366531108,11222
720,3671,27792,36103860,1299.073834196891,40.77477944895728,-73.95427465438843,10028
721,3673,15763,18873213,1197.3109814121678,40.67759206937376,-73.955637216568,11238
722,3674,22739,30638112,1347.3816790536084,40.70140317257725,-73.98672670125961,11201
723,3676,10098,18367569,1818.93137254902,40.6758329439129,-74.01472628116608,11231
724,3680,23057,21072146,913.9153402437438,40.754120887041495,-73.98025182685191,10017
725,3686,41352,49325378,1192.8172277036176,40.73944820130404,-74.00507032871246,10014
726,3687,73560,78852998,1071.954839586732,40.74322680507156,-73.97449781950505,10016
727,3689,14143,21916210,1549.615357420632,40.79904139288297,-73.96649479866028,10025
728,3690,16625,18905541,1137.1753984962406,40.7133418221971,-74.00935519640127,10007
729,3691,5400,9218186,1707.0714814814814,40.76408932350688,-73.91065120697021,11103
730,3692,391,525201,1343.2250639386189,40.6999974843885,-73.97440128028393,11251
731,3693,10185,15688957,1540.3983308787433,40.72248188638219,-73.95921930670738,11249
732,3697,32257,38223244,1184.959667669033,40.77515953434234,-73.98918695747852,10069
733,3699,40624,50473835,1242.463445254037,40.76360468768987,-73.98917957698316,10019
734,3704,1610,2025799,1258.260248447205,40.7437524099784,-73.94176483154297,11101
735,3705,363,379752,1046.1487603305786,40.72840059450829,-73.99968780577183,10012
736,3707,53826,60958310,1132.506781109501,40.74145894578828,-73.98329298911307,10016
737,3708,34003,35557056,1045.7034967502868,40.735445,-73.99431,10011
738,3709,45925,44850930,976.612520413718,40.738046142482766,-73.99642959237099,10011
739,3711,84654,86508558,1021.9075058473314,40.72966730967276,-73.98067965300685,10009
740,3712,27255,33469875,1228.0269675288937,40.754691750226016,-73.99740189313889,10001
741,3714,9643,15578263,1615.4996370424142,40.70684203101325,-73.9544353965357,11211
742,3715,24533,33320259,1358.1811845269638,40.718169728386506,-73.95520139015687,11211
743,3716,4179,5708115,1365.9045226130654,40.7535992020056,-73.93795609474182,11101
744,3718,35047,35582531,1015.2803663651669,40.72746420692392,-73.97950418293476,10009
745,3720,324,223249,689.0401234567901,40.68461653897949,-73.98721285164356,11217
746,3721,16357,16928445,1034.935807299627,40.7675487799971,-73.9209334552288,11102
747,3723,11678,19407805,1661.9117143346464,40.6953172505002,-73.99015714749335,11201
748,3724,50918,77817113,1528.2829844063003,40.766740564154766,-73.9790690128065,10019
749,3725,45562,52888532,1160.8035643738203,40.7687620293096,-73.95840793848038,10021
750,3726,20399,35794960,1754.740918672484,40.74336608027021,-73.95960688591003,11101
751,3727,7856,9590367,1220.7697301425662,40.71766197083994,-73.94880026578903,11211
752,3728,9872,11243578,1138.9361831442463,40.69535693320225,-73.99344027042389,11201
753,3731,17065,23903164,1400.7128039847642,40.758397,-73.98255,10036
754,3733,26561,32280694,1215.341816949663,40.730563,-73.973984,10009
755,3734,26770,30240644,1129.6467687710124,40.75912495797535,-73.96265797542024,10022
756,3735,41775,56922240,1362.591023339318,40.752694,-74.002353,10001
757,3736,7589,9409582,1239.8974831993676,40.727243,-73.976831,10009
758,3737,32230,38606187,1197.8339125038783,40.720747,-73.986274,10002
759,3738,18294,25070449,1370.419208483656,40.719383,-73.991479,10002
760,3739,22660,26118254,1152.6149161518094,40.735918,-74.000939,10014
761,3740,25756,38339002,1488.5464357819535,40.72637799999999,-74.000472,10012
762,3744,41643,47755610,1146.7860144562112,40.725864,-73.986389,10009
763,3745,10642,11490337,1079.7159368539749,40.75651272984955,-73.92957486212252,11106
764,3746,44740,47043673,1051.4902324541797,40.72430833706212,-74.00473034239532,10013
765,3749,30358,31037632,1022.3872455365968,40.7475739589548,-73.9788007736206,10016
766,3755,13543,21318817,1574.1576460163922,40.69064807082943,-73.95746178925037,11205
767,3756,6911,12181400,1762.6103313558096,40.704508,-73.9351,11206
768,3757,3791,5519317,1455.9000263782643,40.710681,-73.93372,11237
769,3758,6395,8698716,1360.2370602032838,40.702997,-73.92997,11237
770,3759,7094,10518784,1482.7719199323371,40.70537980546941,-73.92535009162673,11237
771,3760,5980,10302990,1722.908026755853,40.705614,-73.92153,11237
772,3761,4703,6368367,1354.10737826919,40.697842,-73.926241,11221
773,3762,4695,4909192,1045.621299254526,40.677027,-73.9865,11215
774,3763,6272,11630196,1854.3042091836733,40.707164973692606,-73.92371088663903,11237
775,3764,3702,6685720,1805.9751485683412,40.705517,-73.93936,11206
776,3765,3225,4736908,1468.8086821705426,40.709897,-73.94008,11206
777,3766,10181,12629481,1240.495138002161,40.715353,-73.93856,11211
778,3767,4638,5039126,1086.4868477792152,40.71323,-73.93894,
779,3768,4724,6980067,1477.5755715495343,40.71019,-73.93734,11206
780,3769,1697,2133129,1257.0,40.707174,-73.93581,11206
781,3770,4910,8402562,1711.3160896130346,40.702831,-73.9333,11206
782,3771,8353,13204303,1580.7857057344663,40.70623709134443,-73.93387113516101,11206
783,3772,4879,5010231,1026.8971100635376,40.713811,-73.93515,11211
784,3773,7471,14030490,1877.9935751572748,40.70539,-73.92976,11237
785,3774,7082,10773634,1521.269980231573,40.70442499999999,-73.92836,11237
786,3775,13411,22960861,1712.0916411900678,40.702013,-73.923769,11237
787,3776,5869,9147871,1558.6762651218266,40.700003,-73.92834,11221
788,3777,7372,10045312,1362.6304937601735,40.699304,-73.923044,11237
789,3778,6196,11022917,1779.0376049063912,40.7027,-73.92095,11237
790,3779,2888,5252089,1818.5903739612188,40.704876,-73.919911,11237
791,3780,6992,10465743,1496.816790617849,40.70354506507437,-73.91777488915905,11237
792,3781,5385,8436694,1566.7026926648095,40.698568,-73.918877,11237
793,3782,21146,45217836,2138.3635675777923,40.698458,-73.997178,11201
794,3783,30349,39726882,1309.001350950608,40.70838,-74.00495,10038
795,3785,32675,39863531,1220.000948737567,40.75492000244835,-73.98455004437643,10036
796,3786,22638,23854702,1053.7460022970226,40.714193,-73.996732,10002
797,3787,7139,8756680,1226.5975626838492,40.699850161086985,-73.97140994256898,11251
798,3788,635,358053,563.8629921259843,40.73269,-73.98974,10003
799,3789,9949,12891629,1295.7713338023923,40.68186,-73.959432,11238
800,3790,11179,14870366,1330.205385097057,40.7003,-73.991581,11201
801,3793,4718,4794141,1016.1384061042814,40.732339777151054,-73.97898383438587,10009
802,3795,3376,4834278,1431.954383886256,40.671907,-73.993612,11215
803,3798,31840,33707638,1058.656972361809,40.7522689915515,-73.98207902892587,10018
804,3799,54028,73928261,1368.332364699785,40.74964,-73.98805,10001
805,3803,5460,10702515,1960.1675824175825,40.665816,-73.956934,11225
806,3804,19122,26701387,1396.36999267859,40.702461,-73.986842,11201
807,3808,6509,11172324,1716.4424642802271,40.752474,-73.939991,11101
808,3809,39611,50228974,1268.05619651107,40.763189,-73.978434,10019
809,3810,924,1026043,1110.436147186147,40.782593,-73.971211,10024
810,3811,3394,10953801,3227.401591043017,40.77485,-73.9342,11102
811,3812,70508,78238308,1109.637317751177,40.734813988455215,-73.99208499879447,10003
812,3813,11843,11115231,938.548594106223,40.745686,-74.005141,10011
813,3814,15688,17733115,1130.3617414584396,40.761573,-73.972628,10022
814,3815,30816,34960933,1134.5058735721702,40.755293,-73.967641,10022
815,3816,1061,1572663,1482.2459943449576,40.71429,-73.93323,11211
816,3817,4476,5112559,1142.2160411081322,40.71773,-73.94051,11211
817,3818,6530,7920528,1212.9445635528332,40.72984017764166,-73.94838978713629,11222
818,3819,3817,4486990,1175.5279014933194,40.73396,-73.95204,11222
819,3820,8134,11257078,1383.9535283993116,40.69757,-73.93098,11221
820,3821,6533,12637984,1934.484004285933,40.70105999081586,-73.93317981937854,11206
821,3822,4886,8451263,1729.6895210806383,40.70076,-73.93641,11206
822,3823,7996,14131469,1767.317283641821,40.70099,-73.93921,11206
823,3824,4331,22206374,5127.30870468714,40.6786,-73.90369,11207
824,3825,1977,5738982,2902.874051593323,40.68139,-73.90756,11207
825,3826,2131,4426152,2077.0305021116847,40.68458,-73.90925,11207
826,3827,6356,16605945,2612.6408118313407,40.68565005506608,-73.91564021397105,11233
827,3828,2649,7039999,2657.6062665156664,40.68651980369951,-73.91321029822575,11207
828,3829,2468,4047874,1640.143435980551,40.6882,-73.90798,11207
829,3830,2313,6305483,2726.1059230436663,40.68858,-73.91227,11207
830,3831,5428,12459772,2295.4627855563745,40.68663,-73.9168,11221
831,3832,4071,6401994,1572.5851142225497,40.69055,-73.91181,11221
832,3833,1994,3479426,1744.947843530592,40.69122,-73.91693,11221
833,3834,3746,5120750,1366.991457554725,40.69467,-73.90662999999999,11237
834,3835,3288,5271689,1603.3117396593675,40.693850000000005,-73.90974,11221
835,3836,4678,6649371,1421.4132107738349,40.69146,-73.92146,11221
836,3837,7151,12996616,1817.454342050063,40.69329,-73.92852,11221
837,3838,5364,12990910,2421.8698732289336,40.69356,-73.92524,11221
838,3839,3407,4164650,1222.3803933078957,40.69545,-73.91164,11237
839,3840,3875,4626393,1193.907870967742,40.69811,-73.90904,11237
840,3841,2946,5591605,1898.0329260013575,40.69543,-73.9196,11221
841,3842,5097,8054466,1580.2366097704532,40.69502,-73.92825,11221
842,3843,2680,3835837,1431.2824626865672,40.69905,-73.91516,11237
843,3844,4533,7238043,1596.744540039709,40.69943,-73.91337,11237
844,3845,6214,10007069,1610.40698422916,40.70108,-73.9179,11237
845,3846,4324,7395498,1710.3371877890845,40.69676,-73.92302,11221
846,3847,2927,3669103,1253.537068670994,40.69671,-73.92807,11221
847,3848,7768,15960012,2054.5844490216277,40.69544,-73.93223,11221
848,3849,2217,3585973,1617.488949030221,40.70636,-73.91945,11237
849,3850,4051,5876343,1450.5907183411505,40.709070459145885,-73.92157070599852,11237
850,3851,1265,2302194,1819.916205533597,40.71401,-73.92793,11237
851,3852,1893,2195465,1159.7807712625463,40.70868999999999,-73.92587,11237
852,3853,3035,3604479,1187.6372322899506,40.7068600461285,-73.92851016144976,11237
853,3854,3677,5245328,1426.523796573293,40.716657,-73.93637,11211
854,3855,2451,3836603,1565.3215014279886,40.71882,-73.93948,11222
855,3856,10619,10623145,1000.390338073265,40.72577,-73.94173,11222
856,3857,5232,5847225,1117.588876146789,40.72158,-73.94546,11222
857,3858,4433,6263805,1412.9945860591022,40.73124,-73.95161,11222
858,3859,8442,10272006,1216.773987206823,40.72795,-73.95414,11222
859,3860,6112,9021654,1476.0559554973822,40.70166,-73.92754,11237
860,3861,3095,4666306,1507.691760904685,40.70113,-73.91422,11237
861,3862,1938,2848793,1469.9654282765737,40.69714,-73.91566,11221
862,3863,3717,4523907,1217.085552865214,40.69296,-73.91605,11221
863,3864,2253,5971527,2650.478029294274,40.68929,-73.90951,11207
864,3865,2917,5630385,1930.1971203291048,40.69081,-73.90448,11207
865,3866,2693,4388186,1629.4786483475675,40.68906,-73.90506,11207
866,3867,1127,4650156,4126.1366459627325,40.67945,-73.90474,11207
867,3868,3106,6674505,2148.906954282035,40.693,-73.90824,11207
868,3869,4723,7147255,1513.2871056531865,40.692,-73.92617,11221
869,3870,8612,11936962,1386.0847654435672,40.697481,-73.935877,11206
870,3871,1669,4041951,2421.7801078490115,40.68281,-73.90623,11207
871,3872,1714,2125400,1240.0233372228704,40.6972,-73.90674,11237
872,3873,2676,4512190,1686.1696562032885,40.70068,-73.90742,11385
873,3874,2866,3531140,1232.079553384508,40.70461,-73.91054,11385
874,3875,934,1556938,1666.9571734475376,40.6988,-73.9007,
875,3876,4684,10537321,2249.6415456874465,40.69921973953885,-73.89795022416737,
876,3877,3850,7764790,2016.8285714285716,40.70555,-73.90245,11385
877,3878,1429,1932287,1352.1952414275718,40.69812,-73.90271,11385
878,3879,7301,17889109,2450.227229146692,40.68822,-73.91966,11221
879,3880,1800,2621928,1456.6266666666668,40.70980022222223,-73.9172697,11385
880,3881,35294,80011037,2266.986938289794,40.818299,-73.960405,10027
881,3882,3983,6427500,1613.733366808938,40.69517,-73.90311,11385
882,3883,1915,2618315,1367.266318537859,40.70577,-73.91292,11385
883,3884,1856,3338639,1798.8356681034484,40.69969,-73.9022,11385
884,3885,2205,3683696,1670.6104308390022,40.70413,-73.90737,11385
885,3886,1955,2683100,1372.4296675191815,40.70553,-73.9096,11385
886,3887,3006,4707838,1566.1470392548238,40.71246017964072,-73.91873042248835,11385
887,3888,2187,2939447,1344.0544124371286,40.70793,-73.91092,11385
888,3890,8896,19017760,2137.7877697841727,40.69047,-73.923511,11221
889,3891,3612,4661889,1290.6669435215947,40.698,-73.9127,11237
890,3892,7001,8198113,1170.991715469219,40.75473,-73.93367,11101
891,3893,6209,10861971,1749.391367369947,40.68319988172761,-73.91166642308235,11233
892,3894,7402,7672431,1036.5348554444745,40.740983,-74.001702,10011
893,3895,1861,2688865,1444.8495432563138,40.70157340873792,-73.90876293182373,11385
894,3896,2584,5128716,1984.797213622291,40.70183,-73.90625,11385
895,3897,1937,4666490,2409.132679401136,40.70863,-73.91497,11385
896,3898,18625,19639231,1054.455355704698,40.763954,-73.9646,10065
897,3899,5598,6719251,1200.294926759557,40.72084,-73.94844,
898,3900,5160,6279011,1216.8625968992249,40.72226,-73.93889,11222
899,3901,2341,3322416,1419.229389149936,40.70998,-73.91116,11385
900,3902,1909,5144150,2694.683080146673,40.70694,-73.90632,11385
901,3903,3511,5281829,1504.3659925947024,40.68989,-73.91458,11221
902,3905,34004,33205727,976.5241442183273,40.732647,-73.99011,10003
903,3906,63663,94603817,1486.0094089188383,40.711444,-74.014847,10281
904,3907,4297,5587983,1300.4382127065394,40.70112,-73.93039,11206
905,3908,564,551000,976.950354609929,40.70463,-74.01507,10004
906,3909,3062,5522476,1803.5519268451992,40.70407997387328,-73.90408030045721,11385
907,3910,2458,3896222,1585.1187957689178,40.709697,-73.907856,11385
908,3911,8338,10177508,1220.617414248021,40.683426,-73.984275,11217
909,3912,3,2827,942.3333333333334,40.7903,-73.9597,10029
910,3913,10302,13401542,1300.8679867986798,40.699569,-73.979827,11201
911,3914,11373,14794660,1300.8581728655588,40.783786,-73.981687,10024
912,3916,24263,38353552,1580.742364917776,40.708485,-74.002751,10038
913,3917,5258,7462275,1419.2230886268544,40.69178,-73.97877,11201
914,3918,19657,24123317,1227.2125451493107,40.72387,-73.975767,10009
915,3919,27917,47977403,1718.5730200236414,40.70437,-74.00637,10005
916,3920,5642,11250638,1994.086848635236,40.810224,-73.937195,10037
917,3921,2958,9767711,3302.13353617309,40.805701,-73.925177,10454
918,3922,1365,2090221,1531.297435897436,40.807466,-73.927107,10454
919,3923,1924,5754657,2990.985966735967,40.808484,-73.928803,10454
920,3924,3283,5338336,1626.0542187024064,40.810893,-73.927311,10454
921,3925,976,3061950,3137.2438524590166,40.812304,-73.929153,10451
922,3926,5277,9810892,1859.1798370286149,40.81014,-73.93973,10037
923,3927,5544,16698325,3011.963383838384,40.81296,-73.941878,10037
924,3928,5998,13066378,2178.4558186062022,40.813539,-73.94521,10027
925,3929,2602,12921431,4965.961183704842,40.81093,-73.921606,10454
926,3930,1296,4611560,3558.3024691358023,40.81273329861112,-73.92369538657408,10454
927,3931,1739,3989766,2294.287521564117,40.814469,-73.924963,10451
928,3932,4050,25492778,6294.513086419753,40.816576,-73.927987,10451
929,3933,1052,1978329,1880.5408745247148,40.817755,-73.92965,10451
930,3934,7328,14510272,1980.113537117904,40.816234,-73.948222,10030
931,3935,3016,6222849,2063.278846153846,40.816355,-73.954295,10027
932,3936,7892,17436852,2209.4338570704517,40.820003,-73.959089,10027
933,3937,1214,4763536,3923.835255354201,40.805089,-73.918889,10454
934,3938,283,603558,2132.713780918728,40.80262,-73.9174,10454
935,3939,3797,12091878,3184.5873057677118,40.800933,-73.913863,10454
936,3940,785,1746394,2224.7057324840766,40.800425,-73.911034,10454
937,3941,560,834099,1489.4625,40.801657,-73.909513,10454
938,3942,3401,6785921,1995.2722728609235,40.8190344,-73.956156,10031
939,3944,2206,3973877,1801.394832275612,40.818215,-73.950988,10031
940,3945,3702,13403056,3620.490545651,40.819746,-73.951819,10031
941,3946,8627,20581586,2385.7176306943315,40.818477,-73.947568,10030
942,3947,781,2816772,3606.622279129321,40.804168,-73.911545,10454
943,3948,903,3548755,3929.961240310077,40.805559,-73.914718,10454
944,3949,2011,8116486,4036.044753853804,40.807408,-73.91924,10454
945,3950,925,1629346,1761.4551351351352,40.809619,-73.91787499999998,10454
946,3951,1379,3889762,2820.7121102248007,40.808633,-73.916124,10454
947,3952,795,2296788,2889.0415094339623,40.806896,-73.911837,10454
948,3953,3391,10074697,2971.0106163373634,40.82281,-73.937413,10039
949,3954,69,147222,2133.6521739130435,40.807239768115934,-73.90799901449276,10454
950,3955,1657,4097623,2472.9167169583584,40.808891,-73.91081,10454
951,3956,1315,4038227,3070.8950570342204,40.81111402585552,-73.91492987376425,10454
952,3957,1011,3652208,3612.470820969337,40.811675,-73.917037,10454
953,3958,1171,2856202,2439.113578138343,40.812299,-73.92037,10454
954,3959,6284,10942095,1741.2627307447483,40.823498,-73.94386,10030
955,3960,2208,5683250,2573.935688405797,40.822756,-73.951346,10031
956,3961,2783,16704486,6002.330578512397,40.820036,-73.921411,10451
957,3963,3555,26993099,7592.995499296765,40.81682732995781,-73.91733790492265,10455
958,3964,956,2110468,2207.602510460251,40.814383,-73.915368,10455
959,3965,1265,5963116,4713.925691699605,40.8140467541502,-73.91185932015811,10455
960,3966,978,2422111,2476.5961145194274,40.811314,-73.907729,10455
961,3967,5921,13806215,2331.737037662557,40.826969,-73.949738,10031
962,3968,2080,17425986,8377.877884615385,40.814232,-73.903927,10455
963,3969,726,938327,1292.4614325068871,40.815887,-73.911918,
964,3970,759,4171682,5496.28722002635,40.819609,-73.916071,10455
965,3972,621,2045495,3293.872785829308,40.822215,-73.914688,10451
966,3973,2817,3601244,1278.396876109336,40.827212,-73.942722,10031
967,3975,1033,2135798,2067.5682478218782,40.820713,-73.911759,
968,3976,1339,2797832,2089.493651979089,40.819823,-73.912411,10455
969,3977,1320,6076325,4603.276515151515,40.81899,-73.90202,10455
970,3978,950,2167658,2281.745263157895,40.82188,-73.907521,10456
971,3980,1717,2879160,1676.8549796156087,40.829523,-73.944279,10031
972,3981,1132,1878916,1659.8197879858658,40.830476,-73.939929,10032
973,3982,656,703304,1072.1097560975609,40.817166,-73.914737,10455
974,3983,622,1165069,1873.1012861736333,40.817802,-73.905203,10455
975,3984,1674,2924455,1746.9862604540024,40.82401300000001,-73.954743,10031
976,3985,542,2266171,4181.127306273063,40.820302,-73.903944,10456
977,3986,4926,23617772,4794.513195290297,40.81734,-73.922962,10451
978,3987,2485,15964435,6424.319919517103,40.813135,-73.909235,10455
979,3988,956,2042227,2136.220711297071,40.805631,-73.934077,10035
980,3989,3174,11573213,3646.2548834278514,40.80838419407687,-73.92360380970385,10454
981,3992,23738,56461965,2378.5476872525064,40.8428422,-73.9421253,10032
982,3993,11156,19401841,1739.1395661527429,40.771771,-73.990625,10023
983,3994,6940,12155765,1751.551152737752,40.802554,-73.933509,10035
984,3995,4335,6583275,1518.6332179930796,40.812190955940025,-73.93783803737024,10037
985,3996,2859,4666486,1632.209164043372,40.806414,-73.936085,10035
986,3997,6776,7925415,1169.6303128689492,40.815484,-73.935856,10037
987,3998,7577,15592659,2057.8934934670715,40.813619,-73.939336,10037
988,3999,7778,12598539,1619.765878117768,40.81695971032464,-73.9422959089279,10030
989,4000,5522,15305756,2771.777616805505,40.819783,-73.936521,10037
990,4001,1549,5574291,3598.6384764364107,40.821111,-73.935971,10039
991,4002,4720,15350241,3252.1697033898304,40.820877,-73.939249,10030
992,4004,9366,14438050,1541.5385436685883,40.820681,-73.945144,10030
993,4005,1299,1660632,1278.392609699769,40.821294,-73.947868,10031
994,4006,1427,3903713,2735.6082690960056,40.814673,-73.91839,10455
995,4007,7835,16991234,2168.6322910019144,40.823168,-73.955857,10031
996,4009,8108,20395304,2515.454366058214,40.827305,-73.951989,10031
997,4010,4355,8635798,1982.961653272101,40.825244,-73.947257,10031
998,4011,1944,8960358,4609.237654320988,40.816124,-73.908116,10455
999,4012,3612,5493893,1521.011351052049,40.827075,-73.945909,10031
1000,4013,823,1296922,1575.846901579587,40.82831,-73.942924,
1001,4014,4682,9718016,2075.612131567706,40.829114,-73.950426,10031
1002,4015,1669,4020630,2409.005392450569,40.82923,-73.936996,10039
1003,4016,5088,14473949,2844.72268081761,40.812346,-73.946168,
1004,4017,4538,8594638,1893.926399294844,40.81449,-73.936153,10037
1005,4018,2957,4205540,1422.2319918836658,40.817555,-73.957163,10027
1006,4019,1174,2610966,2223.991482112436,40.803399,-73.919763,10454
1007,4020,7977,15367444,1926.469098658644,40.825125,-73.941616,10039
1008,4021,956,1179815,1234.1161087866108,40.813224,-73.930605,10451
1009,4023,5714,13489375,2360.7586629331468,40.819241,-73.941057,10030
1010,4024,2043,3528433,1727.084189916789,40.826406,-73.937948,10039
1011,4025,1093,2859208,2615.92680695334,40.826881,-73.941427,10031
1012,4027,1731,2073516,1197.8717504332756,40.830663,-73.941323,10032
1013,4028,967,2369382,2450.239917269907,40.830702,-73.936371,10039
1014,4029,1370,2820598,2058.8306569343067,40.816402,-73.919549,10451
1015,4030,511,582644,1140.2035225048924,40.822267,-73.916792,10451
1016,4031,343,878206,2560.3673469387754,40.81989,-73.908351,10456
1017,4032,613,2880462,4698.959216965743,40.82057,-73.917579,10451
1018,4034,1873,4156698,2219.272824345969,40.821728,-73.952761,10031
1019,4035,2419,4574983,1891.270359652749,40.831327,-73.946665,10031
1020,4036,13025,21023789,1614.1104798464492,40.7639089,-73.9477213,10044
1021,4037,12129,23980524,1977.122928518427,40.757284,-73.9536,10044
1022,4038,5518,12766435,2313.598223994201,40.75370225419114,-73.95865201950072,10044
1023,4040,11897,13568737,1140.5175254265782,40.742684734875695,-73.98671329021454,10010
1024,4041,1520,5781628,3803.702631578947,40.825289,-73.936232,10039
1025,4043,17502,20584023,1176.0954748028796,40.782535857724106,-73.97908508777618,10024
1026,4044,33794,41591003,1230.7215186127714,40.75461,-73.99177,10018
1027,4045,23053,28779578,1248.4092309027026,40.77237,-73.99005,10023
1028,4047,1221,2152187,1762.6429156429156,40.832081,-73.942386,10032
1029,4048,1405,2600276,1850.7302491103203,40.832314,-73.94102,10032
1030,4050,426,541684,1271.5586854460091,40.83330300000001,-73.939326,10032
1031,4051,1845,3577884,1939.2325203252035,40.834468,-73.939865,10032
1032,4052,1811,3090938,1706.7575924903367,40.83618,-73.93978899999999,10032
1033,4053,393,607911,1546.8473282442749,40.835798,-73.937496,10032
1034,4054,1218,2227243,1828.606732348112,40.839278,-73.945446,10032
1035,4055,2890,4704168,1627.7397923875433,40.84004,-73.942939,10032
1036,4056,2607,5550126,2128.9321058688147,40.839137,-73.941409,10032
1037,4057,1372,2032904,1481.7084548104956,40.839443,-73.937044,10032
1038,4058,10023,10314356,1029.0687418936443,40.75863,-73.97513,10022
1039,4059,1543,2130814,1380.955281918341,40.842941,-73.938631,10032
1040,4060,1321,2153399,1630.1279333838002,40.842173,-73.935111,10032
1041,4061,2875,4955242,1723.5624347826088,40.84522,-73.940493,10032
1042,4062,913,1357029,1486.3406352683462,40.844044,-73.933651,10033
1043,4063,1240,3370045,2717.778225806452,40.846052,-73.937648,10033
1044,4064,295,441951,1498.1389830508474,40.807347437082,-73.90809774398804,10454
1045,4065,2333,5374768,2303.8011144449206,40.848467,-73.936064,10033
1046,4066,792,1247667,1575.3371212121212,40.847305,-73.933291,10033
1047,4067,878,2220338,2528.8587699316627,40.84739600000001,-73.931205,
1048,4068,4735,10049274,2122.338753959873,40.852252,-73.937854,10033
1049,4069,1668,3459706,2074.164268585132,40.848282,-73.941343,10033
1050,4070,3064,5773406,1884.2708877284597,40.849972,-73.938423,10033
1051,4071,3845,10266714,2670.1466840052017,40.835775,-73.9434,10032
1052,4072,8157,8423001,1032.610150790732,40.75793646243674,-73.97960275411606,10036
1053,4073,8172,9091488,1112.516886930984,40.75969995906254,-73.97808194160461,10020
1054,4074,943,2662741,2823.691410392365,40.838191,-73.936085,10032
1055,4075,20361,29198351,1434.0332498403811,40.78476,-73.969862,10024
1056,4076,1739,2886873,1660.0764807360551,40.82008900000001,-73.928947,10451
1057,4078,667,1423419,2134.061469265367,40.823732,-73.919379,10451
1058,4079,1752,4084521,2331.347602739726,40.828847,-73.91769,10456
1059,4080,353,549686,1557.184135977337,40.831444,-73.926226,10452
1060,4081,671,1675987,2497.7451564828616,40.83173,-73.922394,10452
1061,4082,667,2861572,4290.212893553224,40.833909,-73.92112,10452
1062,4083,785,3433448,4373.819108280255,40.83649,-73.918316,10452
1063,4084,871,2827387,3246.138920780712,40.835334,-73.9154,10456
1064,4085,1531,5104081,3333.821685173089,40.839549,-73.913004,10456
1065,4086,593,3222373,5434.018549747049,40.840536,-73.919228,10452
1066,4087,891,1836530,2061.2008978675644,40.84207,-73.926075,10452
1067,4088,1264,6680785,5285.431170886076,40.843965,-73.920999,10452
1068,4090,630,1793893,2847.449206349206,40.823429,-73.924689,10451
1069,4091,122,104289,854.827868852459,40.829797,-73.931015,10452
1070,4092,568,827505,1456.875,40.830179,-73.928747,10452
1071,4093,1626,4341545,2670.076875768758,40.82711499999999,-73.92272,10451
1072,4094,1142,2445694,2141.588441330998,40.825716,-73.915585,10451
1073,4095,181,208733,1153.220994475138,40.83263,-73.925101,10452
1074,4096,1617,5541513,3427.0333951762523,40.83426299999999,-73.917641,10456
1075,4098,722,3361354,4655.614958448754,40.839312,-73.922423,10452
1076,4099,1494,5517467,3693.083668005355,40.834015,-73.908863,10456
1077,4101,423,563738,1332.7139479905438,40.826677,-73.929327,10451
1078,4102,986,1582558,1605.028397565923,40.829608,-73.921461,10452
1079,4103,951,3578442,3762.820189274448,40.834457,-73.928381,10452
1080,4104,469,754999,1609.8059701492537,40.818212,-73.955277,10027
1081,4105,499,594563,1191.509018036072,40.823162,-73.923267,10451
1082,4106,870,3050404,3506.2114942528738,40.832812,-73.929372,10452
1083,4107,213,338419,1588.8215962441311,40.837213,-73.908345,10456
1084,4108,734,3943794,5373.016348773842,40.843264,-73.904867,
1085,4109,1668,4295577,2575.285971223021,40.84925,-73.93022,10033
1086,4110,7352,7492900,1019.164853101197,40.72506551015475,-73.97515833377838,10009
1087,4112,2235,5213628,2332.719463087248,40.78294,-73.93077,10035
1088,4113,1136,1818774,1601.0334507042253,40.79346,-73.92389,10035
1089,4114,845,2167348,2564.908875739645,40.79558000000001,-73.91906,10035
1090,4115,670,1282104,1913.5880597014925,40.80046,-73.92404,10035
1091,4116,669,1125227,1681.9536621823618,40.830262,-73.923391,10452
1092,4117,4847,8515961,1756.9550237260162,40.66407983678161,-73.96025128666679,11225
1093,4118,2555,3221962,1261.041878669276,40.70858894240581,-74.00935482235809,10005
1094,4120,17857,17522668,981.2772582180658,40.7494985460252,-73.97729203113158,10016
1095,4121,21300,20117527,944.4848356807512,40.74714,-73.97113,10016
1096,4122,19075,28999529,1520.289855832241,40.79249519495111,-73.96417066463071,10025
1097,4123,9165,12129557,1323.4650300054554,40.79603684159984,-73.96158903853575,10025
1098,4124,13465,18420339,1368.0162643891572,40.78866499127884,-73.96680057048798,10025
1099,4125,3421,11679776,3414.1408944753,40.827883,-73.927111,10451
1100,4126,834,1896589,2274.087529976019,40.825737,-73.927311,10451
1101,4127,414,1477040,3567.7294685990337,40.839142,-73.925961,10452
1102,4128,670,5253623,7841.228358208955,40.837576,-73.910489,10456
1103,4129,202,352032,1742.7326732673268,40.832057,-73.927421,10452
1104,4130,1030,6727580,6531.631067961165,40.831584,-73.9149,10456
1105,4131,1010,6805801,6738.416831683168,40.844075,-73.917256,10452
1106,4132,563,1061678,1885.7513321492008,40.812769,-73.901583,10455
1107,4133,381,699051,1834.7795275590552,40.815077,-73.899939,10455
1108,4134,732,1071928,1464.3825136612022,40.816343,-73.896447,10459
1109,4135,951,2849701,2996.5310199789697,40.819701,-73.901311,10459
1110,4136,385,445936,1158.2753246753248,40.824,-73.91089,10451
1111,4137,587,718333,1223.7359454855196,40.823872,-73.908699,10451
1112,4138,558,1467565,2630.044802867384,40.82696,-73.907451,10456
1113,4139,602,693031,1151.2142857142858,40.824796,-73.90242,10456
1114,4140,388,433324,1116.8144329896909,40.822545,-73.901824,10459
1115,4141,413,1383803,3350.6125907990318,40.818185,-73.894143,10459
1116,4142,43,70516,1639.906976744186,40.816126,-73.891559,10474
1117,4143,128,865800,6764.0625,40.813991,-73.8855,10474
1118,4144,104,1318136,12674.384615384615,40.816567,-73.888161,10474
1119,4146,44,79711,1811.6136363636365,40.818743,-73.890247,10474
1120,4147,374,576800,1542.2459893048128,40.821075,-73.895069,10459
1121,4148,561,1303791,2324.048128342246,40.821967,-73.896752,10459
1122,4149,296,431362,1457.304054054054,40.82895,-73.90521,10456
1123,4150,383,2353895,6145.939947780679,40.836103,-73.907199,10456
1124,4151,544,2810192,5165.794117647059,40.832678,-73.905158,10456
1125,4152,412,1403192,3405.8058252427186,40.830471,-73.904556,10456
1126,4153,109,164780,1511.7431192660551,40.82394,-73.894025,10459
1127,4154,359,1563118,4354.089136490251,40.820578,-73.888271,10474
1128,4155,390,574443,1472.930769230769,40.827184,-73.893721,10459
1129,4156,377,604715,1604.0185676392573,40.83545,-73.90153,10456
1130,4157,226,1017619,4502.738938053098,40.833246,-73.89659900000001,10456
1131,4158,497,1453695,2924.9396378269616,40.830529,-73.894717,10459
1132,4159,554,3670608,6625.646209386282,40.839586,-73.900277,10457
1133,4160,295,722112,2447.837288135593,40.843079,-73.900216,10457
1134,4161,601,1254186,2086.8319467554074,40.84224,-73.8985,10457
1135,4162,709,5614563,7918.9887165021155,40.834124,-73.88955,10460
1136,4163,258,1045684,4053.0387596899222,40.832649,-73.885272,10460
1137,4164,244,1651962,6770.336065573771,40.83627400000001,-73.884308,10460
1138,4165,291,553686,1902.701030927835,40.82809,-73.91288,10456
1139,4166,1592,2256208,1417.21608040201,40.82441,-73.92818,10451
1140,4167,1593,6988856,4387.229127432517,40.84301,-73.91172,10457
1141,4168,153,996854,6515.385620915033,40.842675,-73.908544,10457
1142,4169,72,2307848,32053.444444444445,40.83899,-73.9109,10456
1143,4170,187,209665,1121.2032085561498,40.828975,-73.911259,10456
1144,4171,255,326079,1278.7411764705882,40.828199,-73.903719,10456
1145,4172,546,2903227,5317.265567765568,40.829896,-73.907618,10456
1146,4173,141,587594,4167.333333333333,40.825322,-73.887729,10459
1147,4174,794,2223505,2800.384130982368,40.834857,-73.903743,10456
1148,4175,405,1799891,4444.175308641975,40.838379,-73.905838,10456
1149,4177,145,661911,4564.903448275863,40.831762,-73.896853,10459
1150,4179,233,216444,928.9442060085836,40.830051,-73.892103,10459
1151,4180,213,3476291,16320.615023474178,40.830025,-73.886312,10459
1152,4181,83,212373,2558.710843373494,40.832171,-73.889686,10460
1153,4182,245,807796,3297.126530612245,40.831998,-73.892686,10459
1154,4183,61,217809,3570.6393442622957,40.839229,-73.899047,10457
1155,4184,10,12178,1217.8,40.836733,-73.887931,10460
1156,4185,283,1422670,5027.102473498233,40.839335,-73.886445,10460
1157,4186,496,638435,1287.167338709677,40.818154,-73.925294,10451
1158,4188,1463,2059441,1407.6835269993164,40.83299,-73.94592,10032
1159,4189,452,848392,1876.9734513274336,40.83579,-73.91374099999999,10456
1160,4190,705,2677326,3797.6255319148936,40.840683,-73.915073,10452
1161,4191,233,235922,1012.5407725321888,40.827301,-73.896372,10459
1162,4192,277,1169527,4222.119133574007,40.826303,-73.898751,10459
1163,4193,2448,5249651,2144.465277777778,40.85168,-73.94186,10033
1164,4194,670,1372242,2048.1223880597013,40.840484,-73.917946,10452
1165,4195,607,4529746,7462.514003294893,40.83094,-73.91125,10456
1166,4198,422,1130052,2677.8483412322275,40.824811,-73.916407,10451
1167,4199,600,1032668,1721.1133333333332,40.83406,-73.92243,10452
1168,4200,268,422562,1576.7238805970148,40.844811,-73.912042,10457
1169,4201,707,5057364,7153.272984441302,40.83999,-73.90549,10457
1170,4202,161,196861,1222.7391304347825,40.819999,-73.897263,10459
1171,4203,48,50453,1051.1041666666667,40.824956,-73.891677,10459
1172,4204,147,642139,4368.292517006803,40.826706,-73.888719,
1173,4205,280,912006,3257.1642857142856,40.841092,-73.892317,10457
1174,4206,204,214709,1052.4950980392157,40.811892,-73.904192,10455
1175,4207,428,3627604,8475.710280373833,40.83130549267295,-73.91744792461395,10456
1176,4208,180,208423,1157.9055555555556,40.822351,-73.926907,10451
1177,4209,72,84893,1179.0694444444443,40.838706,-73.927034,10452
1178,4210,469,865308,1845.006396588486,40.83196,-73.91956,10456
1179,4211,89,97870,1099.6629213483145,40.82995,-73.898802,10459
1180,4212,275,434229,1579.0145454545454,40.83171,-73.90208,
1181,4213,166,294973,1776.94578313253,40.835302,-73.895133,10460
1182,4214,261,997288,3821.026819923372,40.72583996792375,-74.0076532959938,10013
1183,4215,450,415936,924.3022222222222,40.74005708567286,-74.0052741765976,10014
1184,4219,1019,1025138,1006.0235525024534,40.75414519263519,-73.9960889518261,10001
1185,4220,925,874603,945.5167567567568,40.823061,-73.941928,10039
1186,4222,1098,1204394,1096.8979963570127,40.822217,-73.928939,10451
1187,4225,2405,2422434,1007.2490644490643,40.69623297129316,-73.99142056703568,11201
1188,4227,103,168683,1637.6990291262136,40.837037,-73.890413,10460
1189,4228,189,314146,1662.148148148148,40.839194,-73.888587,10460
1190,4229,99,383511,3873.848484848485,40.840494,-73.911479,10457
1191,4230,29,34673,1195.6206896551723,40.8358771,-73.89314279999999,10460
1192,4232,3522,3904863,1108.706132879046,40.756951,-73.982631,10036
1193,4235,762,637461,836.5629921259842,40.76473420006519,-73.99194359779358,10019
1194,4236,920,832260,904.6304347826087,40.768333,-73.992573,10019
1195,4238,827,652905,789.4860943168078,40.762009,-73.996975,10036
1196,4239,385,371843,965.825974025974,40.757334,-73.974235,10022
1197,4245,105,228972,2180.6857142857143,40.821952,-73.888546,10459
1198,4247,545,900212,1651.765137614679,40.832164,-73.949702,10031
1199,4248,235,223014,948.9957446808512,40.70336686695866,-74.007867872715,10005
1200,4249,575,1578498,2745.2139130434784,40.83617913677475,-73.90730146322765,10456
1201,4250,11,9867,897.0,40.81872569990116,-73.88862490653992,10474
1202,4279,94,87255,928.2446808510638,40.756265,-73.964179,10022
1203,4280,172,158448,921.2093023255812,40.73342399437081,-74.00851495563984,10014
1204,4302,41,27587,672.8536585365854,40.778557,-73.919046,11105
1205,4304,53,38949,734.8867924528302,40.76535380385866,-73.93986314535141,11106
1206,4305,28,19654,701.9285714285714,40.759604471387945,-73.92714411020279,11106
1207,4306,6,4277,712.8333333333334,40.77301508291382,-73.91119033098221,11105
1208,4309,20,15692,784.6,40.772768286288304,-73.92743647098541,11102
1209,4310,2,606,303.0,40.756351,-73.936515,11101
1210,4311,19,14398,757.7894736842105,40.7725996921817,-73.93266275525093,11102
1211,4328,3,3409,1136.3333333333333,40.840124,-73.93949,10032
1212,4332,1,318,318.0,40.827230499624726,-73.91765579597632,10451
